--
-- PostgreSQL database dump
--

-- Dumped from database version 14.5 (Homebrew)
-- Dumped by pg_dump version 14.5 (Homebrew)

SET statement_timeout = 0;
SET lock_timeout = 0;
SET idle_in_transaction_session_timeout = 0;
SET client_encoding = 'UTF8';
SET standard_conforming_strings = on;
SELECT pg_catalog.set_config('search_path', '', false);
SET check_function_bodies = false;
SET xmloption = content;
SET client_min_messages = warning;
SET row_security = off;

ALTER TABLE ONLY public.users_trades DROP CONSTRAINT users_trades_users_id_fkey;
ALTER TABLE ONLY public.users_trades DROP CONSTRAINT users_trades_trade_id_fkey;
ALTER TABLE ONLY public.trades_colleges DROP CONSTRAINT trades_colleges_trades_id_fkey;
ALTER TABLE ONLY public.trades_colleges DROP CONSTRAINT trades_colleges_college_id_fkey;
ALTER TABLE ONLY public.users DROP CONSTRAINT users_pkey;
ALTER TABLE ONLY public.users_trades DROP CONSTRAINT users_college_pkey;
ALTER TABLE ONLY public.trades DROP CONSTRAINT trades_pkey;
ALTER TABLE ONLY public.trades_colleges DROP CONSTRAINT trades_colleges_pkey;
ALTER TABLE ONLY public.colleges DROP CONSTRAINT colleges_pkey;
DROP TABLE public.users_trades;
DROP TABLE public.users;
DROP TABLE public.trades_colleges;
DROP TABLE public.trades;
DROP TABLE public.colleges;
SET default_tablespace = '';

SET default_table_access_method = heap;

--
-- Name: colleges; Type: TABLE; Schema: public; Owner: -
--

CREATE TABLE public.colleges (
    id integer NOT NULL,
    name text,
    blurb text
);


--
-- Name: colleges_id_seq; Type: SEQUENCE; Schema: public; Owner: -
--

ALTER TABLE public.colleges ALTER COLUMN id ADD GENERATED ALWAYS AS IDENTITY (
    SEQUENCE NAME public.colleges_id_seq
    START WITH 1
    INCREMENT BY 1
    NO MINVALUE
    NO MAXVALUE
    CACHE 1
);


--
-- Name: trades; Type: TABLE; Schema: public; Owner: -
--

CREATE TABLE public.trades (
    id integer NOT NULL,
    img text,
    name text,
    link text,
    colleges text
);


--
-- Name: trades_colleges; Type: TABLE; Schema: public; Owner: -
--

CREATE TABLE public.trades_colleges (
    id integer NOT NULL,
    college_id integer,
    trades_id integer
);


--
-- Name: trades_colleges_id_seq; Type: SEQUENCE; Schema: public; Owner: -
--

ALTER TABLE public.trades_colleges ALTER COLUMN id ADD GENERATED ALWAYS AS IDENTITY (
    SEQUENCE NAME public.trades_colleges_id_seq
    START WITH 1
    INCREMENT BY 1
    NO MINVALUE
    NO MAXVALUE
    CACHE 1
);


--
-- Name: trades_id_seq; Type: SEQUENCE; Schema: public; Owner: -
--

ALTER TABLE public.trades ALTER COLUMN id ADD GENERATED ALWAYS AS IDENTITY (
    SEQUENCE NAME public.trades_id_seq
    START WITH 1
    INCREMENT BY 1
    NO MINVALUE
    NO MAXVALUE
    CACHE 1
);


--
-- Name: users; Type: TABLE; Schema: public; Owner: -
--

CREATE TABLE public.users (
    id integer NOT NULL,
    firstname text,
    lastname text,
    email text,
    sub text
);


--
-- Name: users_trades; Type: TABLE; Schema: public; Owner: -
--

CREATE TABLE public.users_trades (
    id integer NOT NULL,
    users_id integer,
    trade_id integer
);


--
-- Name: users_college_id_seq; Type: SEQUENCE; Schema: public; Owner: -
--

ALTER TABLE public.users_trades ALTER COLUMN id ADD GENERATED ALWAYS AS IDENTITY (
    SEQUENCE NAME public.users_college_id_seq
    START WITH 1
    INCREMENT BY 1
    NO MINVALUE
    NO MAXVALUE
    CACHE 1
);


--
-- Name: users_id_seq; Type: SEQUENCE; Schema: public; Owner: -
--

ALTER TABLE public.users ALTER COLUMN id ADD GENERATED ALWAYS AS IDENTITY (
    SEQUENCE NAME public.users_id_seq
    START WITH 1
    INCREMENT BY 1
    NO MINVALUE
    NO MAXVALUE
    CACHE 1
);


--
-- Data for Name: colleges; Type: TABLE DATA; Schema: public; Owner: -
--

INSERT INTO public.colleges OVERRIDING SYSTEM VALUE VALUES (1, 'Santa Ana College', NULL);
INSERT INTO public.colleges OVERRIDING SYSTEM VALUE VALUES (2, 'Coastline Community College', NULL);
INSERT INTO public.colleges OVERRIDING SYSTEM VALUE VALUES (3, 'Cypress College', NULL);
INSERT INTO public.colleges OVERRIDING SYSTEM VALUE VALUES (6, 'Irvine Valley College', NULL);
INSERT INTO public.colleges OVERRIDING SYSTEM VALUE VALUES (7, 'Orange Coast College', NULL);
INSERT INTO public.colleges OVERRIDING SYSTEM VALUE VALUES (8, 'SaddleBack College', NULL);
INSERT INTO public.colleges OVERRIDING SYSTEM VALUE VALUES (9, 'Santiago Canyon College', NULL);
INSERT INTO public.colleges OVERRIDING SYSTEM VALUE VALUES (4, 'Fullerton College ', NULL);


--
-- Data for Name: trades; Type: TABLE DATA; Schema: public; Owner: -
--

INSERT INTO public.trades OVERRIDING SYSTEM VALUE VALUES (12, 'data:image/png;base64,iVBORw0KGgoAAAANSUhEUgAAATcAAACiCAMAAAATIHpEAAABaFBMVEW30NX///8ASmPkV0Z7v8gARmDC3OEXTGNBbH5YqrW30NYARF/H3+QAS2MAO1e1z9TEr6+82d5dqbOFydMAQFudxcyTsbnmTDnU6epxucPZXE2xy9AAMU1qfo0AKkjR3uLmVEJJaHdZl6Xd5uvabGAAME3BztL73Nd0w83v9fdqgo3Ky8zVUkHdTz6js7kqV2yIn6jXRjOpnZ3dkojsuLJ1kZ5HZ3ysVlHjjoMAADSvwMivi4ju0MsAFDqaq7XE0NYAIED76OTz//+KvMIuVWoAEz3i8/U9YXHtwrv/+vg9dIZUTFrHYFfiqaTsUT3aPyrIPis4kZyHqLRfdIWBj50AADUAKU0AGjsAACkALkRnhpLiem5Wjp2sk5ZpV2ExZniIX2NrSlIAAAIAAB5KSFY0RVeQTU7BfXTKZ1x1dX/ln5XUYFPZOB+dWFfEb2VOWmivUkyTi462g356Sk/DpKTNgHb9x8Djal1flWBdAAAbfUlEQVR4nO2djWPaRpbAGWKBg0BaO7JJjCxBZOGItQXeGNdRHbBlAnFax+fFZ3ft7PV623Z3nVy3t73u/vv33kiAvpEEafdaXmIQ+pjR/ObNe08jzSiTWchCFrKQhSxkIQtZyEIWspAEkpsuRfpvvDi7FO0/Z8ozJec5w+RJ8omY8YVMYbC8kOXblUJSdbsVmF+9qJWk2DKZiljK/sqFvc0lxpbJDdmf+7x/ZilxYK6SGThL4X7uE/+ZRWivJFe3TKa4zMTPo+RZKLlWjtZ5W37Jv1NIsiG/Yx2UVphU2EDh1DhnwLAoTBb/QFgW/1DoFhu9wNGl8a70OAaSZzmBtQ7KTlKAhVLJ+nZlwFr7jXd3bWdGmxl77Tg7zMU+kBNi60KJ+306bJlcHIVjDjZRDprwx2SZweZmk6VrNlncMsQz5nqt9XaeyQ7o+hpsZ/C4AzYrbq53aiJzu9mENXAoJEh3GohZmkpNHGVQY/BzKMJ+kBUkmh/tN6Tbm038zHNZpgY5YGL5vH0eLNtebyNHcVNv9biY6sjkiym5ZdZiuFROJyj6ASGymuUMQtoqXUPEOn5qA0Zo44I54Fp0fVcipMMJHVJXBRlXGC+7xBDZBiECaKa1U12UTPyWGTuDDEe/lDyDyQyYbI/+NkSxSxfaQ/rV4uAUTKkkENI7oGvM64FmnQdHc2sL8biJ62mxZXLN6clDsepQ4wfLcIZiVu1b3LCeVYMYwzrpSwwUJ28QWWoRGXflcFfgUz/WidKrEVIDBoLaBZqUmzxsaKT1UiNXmwoxrjuki0cxmGqXyKIqI3fkNgTU7es60WF7c5NoQyA6hGyBnqCR5gGsARWVZGIIBlGOO0D9ipB8LGzMILW68Zl1Lg43XYWmAMUnQwGVALkJYG9Eg3RUXL6Fc2byj4vArS7BBtAF2AI/XilwiFQnrWOZtBmrRMCtK3FXRP53jRyIQ9KH4hoi2Kw8pCTATgIqnqwyPWKqqk6Vtc2BddskyjUkKt8AN021uCkSBK+cRgZCr98/LpArTpVB8eJwUyvpsYHCTc0Dub2SRGYZYYjYItsiIceSJCA3CZahMF0wU5KKKvZCkrLIzbyBHy/7BEwRKzDskMgtYnDgDZCbCBDkF1BcaZOqifFSUrN5YkJdALcGkTWSR27SNWR+A9xu4AQ2kdKAaMcGAW0VLW5fSBKjKlBdHGQP2i2oqhQLW6qQdyLTFQ7Nj2Y+VpeJrMivDK1O9U3TzLZkkHpLJjqoWVfN93o9NF2a2WdAYVqkhfqmITcUUYHC9rBEyE0FS6TDRr2lkYbYoUdJqG9ch/RfGuRKJg1U7VaHmD21jrnlJMqtSTTItgX0KDfcciDUwFLqAlsSFLCbg3h+QUx+gTUWOLQ41cIBN60rV8RlonTIjdb9LdU3WZZvoQBoj3tgx7vQIgmBBdi1y4K+/cHUrkDfxtzQdXTVbHbsFzRB0qh/4IAVHJUT85a3Gd4AYNBN0fILHRXcjyLLhjridg1qDtVicevK8gHDCgaQg5wkWAu2Lw63GfWtwk2LIrGdvlSxnWo1MiRXXapvkqqy0E51KKF5jBZruUG51V+pKto3oKON2imngocDI0Sv60qwRdENKBxw2+x1SR38gnGjitBOiWF0elwTig51pfagSgYKaV1Djscqh+1UtdtpRzI1q52+gOyyosjBuWiiqHLH4Bd6cbhl1RkUjp8ewZWQGwRNLHD7gnRJ3uIG4SX1C9yxSfJtcKWsYFJuapZB+5bHKKP+CrmJhgahARpvmhe20xsOSEpozmvAAbhxkBzYNw7W2/pIBmDfRFoTdRpaoF+g/uQGuUHbptxUPLD/mEPDKBX7y+wNuKKPb+CM6ZeowM3IN5t54PaiCxXcpe2012w2KTfVJD3QlE2uZukb7NoE+5bHIKwORewK4PkarJsbDRslbMQ2NzyKISb6W4hCOoOBDJGNHcwAtxZklwVuQk0jaFYhOjQtbjQ7CGjUBngiiBJBS0k8f4oWLq3K5WJkMYp7oYTgIo2XMuWGwtWhAKBXm6IdyqqTuDfPiCasyFMbJktZNzdq6ODIGjsAOB0r7hXtOAUqhQXqsoDcQJVfWXFvy4p7dRHiXh2NIrVv1HOD7aR2rWdaFjMWtlkUbj1Gjwh7q6PcNvV1rmkscy19WaBrdKGt37Lw0Ra4mlE3hiozpOvbnK7n8bi2wAgtA20ZhB/ruuWCYCcroudgDcOu68tWBm1BX0duy5BPiYHc8vq6kG3qOtum25cP4KNT47IsZpvNQx5NuqEjcD0dsoctDOTWjokNFC55F5Il050pBcehsAwHJwR2SIA/uobDi3m8ogcKDCfiMkPXgzGDXUssbsgKInxhs+S4cXr2hRAHKeEH6ziKpmF94kKJodmMTgCPKFnZ4oGMfR6wN/iNkpVb/E7FFArHF7Bpx7ha+EULl/iSgZrEYn5+XVn/LyWlhfv9r1zd0igcSC5mf8svWNhhcoVbiXc98ssWMbnCrTD5hTApFG7mpwx+CZLyzsyvXZJHvmlj5V+WzNAnspCFpJGFyi1kIQtZyEIWspCFLGQh6YQH+XipFyD1jxitf+TkPZlZX3ylUgFi3VwuZy3zrs0zCm8l3811u11X8nOQgiN5OPl5Jx8hkFNGVjQyEU2Tc5TjPKTgT16RM3NKnkdmOVn7SMlH5VzJuQo1yV7mK7Qy06Vra2qlIitBqUPyldQP8tlnjsln5MCTN5XcxyTHVzLBpbLLNmPmU5JXMrMmnwuENkl+ltQjpJKJytfWivRFq3SnJj9DxfCVYFVzJj9vcrQR8XyUMjjIpfMO0yslXdEKdguVzVjJ8/PscCvQjGPka+edVCkKoA1xKgWln1jlKLk4lYKipBgBGC58/IxBUOWS5V7JxU+dJNRoOJXYdQ6i1efoIJJkjHkn07j4ymaJkkzl+EqCOie0XuYUiSYsF0iS+2FJy2WZofjJZ5KevDantpq4XCAylixW9snLRRLUS4FP1lSoaLN7BzSqKbBZ2h4j80IqbITEskKFxBbGFnP2Sy8+HTZb46anng4bgoujEmm0jcrMl/xpGqklcoxKS40NmmqMkvHdtKlrMzqH9NhiGaGo5BWZSqhPmh4Bz1ArFNwM1z4RnrQ76BnRefPTqiwCm86pIhV1EHIO091eJSTto8OtEDncHu+kpL7ogjA+PB7VhirDhJZpVLJMKDl6DRJ+tHGd5UQVRBQYLuQSSZniesJq5flFNVQuzse7FWdQNy+I3qBHRzGTlmSNZZfaUdd9Ub4Bn70OPzLPMIbVTts4CjBYop1qmE84v3jglKrr14OL1+MdU/uGSt/LTWVUZGkIOCpAwEH+gqhHgMtEaUREK9WE0TgsQGiNMw+S6AuH4GPOdlycdu923Rg3JieRsqX6W6kmZsUKUQY4EEjIrz5p4tAMsRfutaKyjupf0ThuxM0scaHclAhuYbVytOdRr0O3xu2djHeNFUq5BVuRP2dNzXKVKxwxzArvHi0tPXqK0yQw0mao5kRlHbT/2ck2lf/47I/b257FM//uoWcfHoK8dnKrbkGWe25uE9cQw2UHSIB9AG5ZgY4berME2EAevUOVY8WWb1/7iNCsA53C+caeJVgA7+Lu3ZF3/3548mFV6eJ2gZD2y2HcUihcoBfX6Ei9LNd8YlFDcE++xAf2uXxITBKetX/fsztXCXxSvdj3HhJmPb2VLjcOalSW/9OZ4CHp1jSy4WypTm5pFC5A3ZQhi+PGmKdjapTcal4oZRm1FmivwhQuyLodRmND/fBqXHCUVSh41E2WRrOysV85kts9IcYXGjlyelgXtxQK51f0lkjH9L1zUbMaK07Ww6hXQW0jJFgI0ObtCy8mv8ZteQ8KOfu6e6/GZPCPg1sZgjXjFZz0nUPhXNwSu1R/PwXEHiVoj18u+bABuKU32FgFLiAmCc46KLg6n6puoHAnnoPkwIsSrzbXmKw9BJmZcKtunOFkOcDtxGHzXNxIPWEM570LIw9EK/YIoGaZuaaAWANiksCoPshsewKCYG7ehhpcLV5trrHZpi0TbnsY4hr/hWdyP8nazS0q0vFLwZOz1oDLgxIb0ESBGAj9fmo11qGXSLCN8GNLxw0bqi8Dvujj1nxky+9GuVTvaNFoRTuCYTe3pJ7B1UwVleqSFXs8oTLG9u4NyFPbzIkYkxx7VC5IIwKvgdJxC6oWX4xTY/N2lT8bc7MCXKVD63kSi3i45ZI1VFczxTHpoh17PMqLHCc9HWvbG3BUwhs7mFv6UmWyOLGWp8p8eQdGV4fWpfUE0t7exd5UbkHV4nM6Adyqz+mW+p+sU9mqBnNL1lDdBasfc5zRt3Ts0ZcYiji44fx0NrelJ4+7efHY6xwC7FtgD8/hzlefffb1J2NwGyfbJ/8oT+NGggoWg5uHz1jhPOsTelR3wbq6SR6HcIOmyYy5wRWt4QkBgltSILf3bJZhvhrbH7zC9sYmAdwyvn4LvxUI0ret504ZGzgPt6QGznd6I244RZeTm8CygpObX/yqHtzFc/jgm2az9K1Vrmq1TLl9qFa93DS3IfBXiz+mDrJv4z63crVcnqi147qeSj0BND6gw3LMDUBxY25LTyd+IYybX9WDu0IOd3Twd3+m5areHR6iATo5PDzccHPTpGtXh5y/WvzWM4hbsFheNrJaosD5FeLxxIcGxiFJuPk69qj8uP4ME/k71n150n04MdnIbVsW8g0Xl4Dk03OretUtITe/QoRxc0owN7+JCO6sMJ5ZqfylGsqtuvHXl163E8DNl7SXG7bM8ltoohcXZUvsbvKNbe+hiRxqQCfPDNx8/jSQm+2wl57puyHcqg8+wamjZudW/VxfX1+/+vrr3xwdHb0G2d8/P7+/f35/5O/jS+RQAwo2C7fpBQNZG6XyDBSueri/j51GJ/A1sm/V958J3/r0IUCd+Snc3v7lFFT72VNBjXFbOgk3bzeMl9sjl8yJ2ziVZ39Hldjbs/zp3t5I2f5b+Ox9QBxC/PcDo7lZ2MClCeKcuU3Rt0fOufZZYT7czAm3Ty2X6orfqu+/Fj55UJ0Dt/J3FjYXN+2bsH71eXJzTU7CTOUW73KBH2Vw+t4yaJRb2Va2b7mvsFs2kJs3+ah2unT66ehsXfo2PA69vZ2EW6RfGHErxeTmTz7wputI3X43CkJ3QKwA9fNvhO8thxfHvkX5BUjfzw21pNebA7foOMTmxllTtyXVt0KIP10ZZ/C5M8Sqbnz++Q/C3777nMr73/ZBXNiT+VOHTLj9qQXxxqvgOySJ4pDouNfili/UW1wsbvHit9ORi7Htmy3fCnh/m8FuF7xHIKqiKonOC4Y5cDNe1HHi8p+EWwkfP8Dpd6dym3Kdpbcseffu3RvaMTppqKBtn7DZyTR01lsd4PPa0XmQ7DorkBtp5Amd0zRAEl0vBDy64eRWom87uFbgWnHC7RkYDjng3nAQN2e1SNZ0ihzolSDRlJzcfqCwWDoH40Scjz4ku673c8MnAxRUuHzgcwHJXgXld0kufWMGw1qt1sD5S0fcnq1/+peNnY27fR+6gII59fJ/v/9kJN//D03pd28nzfQH9Dxi26h36JsTGEvnWEcR/QWL6kdycaNxr/4CMA+gLLcHQdxm6Lf0cStNblzVGNZa+enOW+vKb+e158iAGnNaoPO34x6dt1aM4OHG5C39aYlZYZnLfpN3cws4e18XYGQ7ZUHh2k1COlIAtoT9ln5Vd+nbhFtLsLj9edK2HM+QWTUWfTsLb/9hJxhQt7g57Rty40Y7t1WcnPrBe8bJLWE/eQC32xooHQPe4TiAWz/hG9t8qu7iJrS7dRAwDBJtp8/+7lART3CqBQyfcVbLebm6d7d/tH+4N9a3D+WRvP0hK4ydpya1SIt7/72LmxLw0LyvtURyq92CroFj0IO4Jb1j7zNwLm4lnDT3FShdD0KER0vPdEdXz171we7ZlJydt8vOy+9P6MLJls1N35/IX1lpUoU18B4Qi7jaaVB/rK/Wo7j1X0DgNhziS0kCuCWjFlBlvviNqdH3lVB9+/OY28U9OayW96fl7GhJ5x9O7KWzssVtxXF0i1Unurk5Ckoc3ILsjy8ciPSncKFgqhhUeW/EkeQPOvjHmfi4CRrpH1vXWacbeNOuatu2+6qzsznkOYcJjPMP48UHFrc1JzdnZ89AsKaOdsQhgWGprz8nilsd9tVvNPoGAp8ka6b0oeVp3PJ5Fl9sgtzWyw/K+2db8HkPHPacD3uG5uzgNnLARxdB3Ca6pUjv8J73quDQt8CH5X21HhWHgGjHkB6+YcQnyawbcvN61Kj+kE75wR74gi1opGQfe352JgYuRNEnGnFe3rvH3c/O994GccuOFa4mvFl9CsJOuIW1I0+tT7leoO8TEgKaacK7zijeB5KiuIG+4X3Hs30b24OdaTnzk+dIIQ6p7m0dbkE7D+aW5aw3cQ05fBZb4ITShFuYNnsUbgo3+v6U4wB1S0wt41O4cG6Plk6xu4fesLWwOR5TC7Ork9GT9PEt6/mGEG4lddBubVpT2Zdc1wvhZtsdDwRxe+TqfzNeBDyDlmr0s8cpPV59MpIlTuQmIi49WfoOS727PRobUL0f5xyq6ONrrfO3D0ajCN5+ipXzxHmXsEPfP8SwgvMFAKXR0+bF0HK5Fa7GZAUB3xYIn4K1hK8RdPT3fhF0cZpuiJZH103NxP/4oXnEfE0j/PFYgMnTfRFufKRwzuvTPxbXlk7dvWt5jvUJvo6NbgxJ3ufXaqNOAdp7MO4icOhb0J2GtEONwsY3BYj1RLMdxZXHF1pyaH3hBmufG4fuvvDbGK3V8EnL3i3q5F21br9uKssV8JeZ93MLkrQjtBIMQzxzPJNd/nFc5qgpBHi7ZPXORKYMlPNIdHDljOFG3NihDrm07F8lKXJ4WcKXiU+kkGBg/dndhf1AzMXYuEH0E7tkKUSbMq7N4Rp0deTEaEef/YMNuaVgid1K082GkqBkr7fwOb9dx1DE6RWWmJVTphWJd3QntY4lnxz3Imctmm3ymiQFOds+cg4GkqfmPMvAWlor0eScJk5T/BKZ/GxTE8xQshjBT6rZFmyJceWYdGISp2Sm1sqUvNMOUY+h5wWwoGnBKTFmrQkamhdT5CmmOQa4dCWLax5SqsQotIpiR6O4wCftpkrwaJIEAiqRSuPih4ypNG666RydfypwxblMaMb7bnNMlTitaCQpwMXGlkml0PN6a0fiGYySlCvFlDWZ2JMIpZmyJtHsS9F5JwmAk2ZcSFov1mxfcdUZDU2SSdhoGDD7vFLWdH18zOkA7YyT5pBIJxLpsjV2i4+fvFavJKmV6FJlEuSdUsvjhlqTud8SFY3PxHMPMsachfm+HSVO0bTcDK99j5F86pk7+Up9eoOBSvkIM0gXpupcP5N6xrnC1GloZ5spFm30lORnmQt2muC0xyHZ4szEs1rUiMlicYrb9IkXCnRS1fDk+x914uOMNQ/2Y2/umlLkR/nOqOmVgAmpNUWebSZsh5Xmi/7k5Zw9R/mcLZtDqHvCKcqLsqwomqI8lun03vOsLDoDup28PKfk+fE3byWv2MkX5332006Et+aV/zivEsBJ/jH9j/WmAivxj5b8zywJZwFOkvLiPWwLWchCZpcIQ1KwhS5av3j7y/5JdxvHbYUM3ZxxbEuSayKTNoP9W5+HhIf4v5mHhKbOr81DUlDji3ludrleD0v+t3vl2eUidNaAtYdzkNUU73fmi03nSIvJoJXoVZ4duHBu7nkm08nuvy43jsOJtoRSFkesMBzDcix9WhS3CRxOCAdbRJUt4T70hniJHmP9jMVtZ2e3DJ+4hJ879jprwO7ueL9de8POzpy4rX48bkze1DihRQxO7JKe0CC9GungQ1SyClA69EllfDpFa9yYBkcfljY4SdEkwdS5eNzoQ1+vL16f7V4cnfwbuT8k/6xWD4k9o2L1OX1Arnx0cvGabB2d0Gdan1djclshxFy7xFmmVoACOV0jpw9XzEt84ul0tU8IT/c4vezD+lVibcDHyPqrM3MjpCZ1ic5xJrniGuQPivaqRXo93CgpBFmpSl0wyEsKClBqIqxvi0m4vX9O7vZd3H4kd3c2MDp2F7htkP0PRye7OydH8fVtxVzNkcuitrq6anPrX+bMS8LDin5/dY08WTGf5sjDPnA9JdaGh2YOts3aTvP4bIVJdHFItLrUIA1S41pE4iymCg5sExXjZpNYCqbKChkAN+0mPrfnZOfOze0BcNv6sL0NCrd7doKTjJWPtl+f4A57Fyevywm4Xa6Rp8X+JaWA3JDUJVmDFeYa/sGvUwKq1wetHG1AhqszczPkmqbo17rWMoEbkY+h2ZrmLR20MsSBH6Isb8rmFxRUnlyR1o1imFdaAm4nZPuDl9vdxRFwq96RH3GCM1A7UL+yxW0vPjcCmoRETFvfzJXHPDRHrd+/BG6r5hpPiubKZV8xn5oycDPNx5dz4naldQzNeKnUG+SgQXQyBH2r1ZqgZ3Xtb/bz3v3u4Bi5sQ0yVOQvFKOlJeH23Xfk3tdOKbfy/tmPZwAKiB2d7Vwk5mZCW1wtak9OR9xWTUBGiqenq8TmxsOKfvHxWj+D7fT0ybz0bVPWNjWdIZpGOpvkD1of7NuxhG1SIxr6B1UxXoqMZOrHomrgbsAYmnYnvn3b+XD2Gj9Ptim3jb2LQ7J1cQYNcu8E2ukJctv+nNq3pNwugZajnZqXoIKXpPIQmyNsG7XTx2skN27AK5f8HLi1dQLGqkWEl7KyiYNbWy1S7+ocuM7Nmw4RwL7VxVJWMpV6twaKOQCV6163SAK/sL1NDjfOTo7I4Q5y297+x49k++TsfbW6Qe4/YMMFfftwRN4jt7NE7bTYB30joE6UW4VQtwl+9OFDnqz0TSS7hNxgI3IDxVs1tSJZm9kv6MuDlqQ32h2Obeg1Pc/pnZqu6y2BaegMs6wPskKrjYMM1mHtUF9mBL0BKxj9lo3J7e78/Hxrt7qx//quvHN+twU/7+HjfgeijX/ub1Q3zu+q1ef3u/88vzu8363eO+ZznMbtdGWFX324lllZOUUKT05X4NfaKv56+HCtCL9OV2D90traw5VVWFyBPVfXVqztM8a9DCOUMNbFmBb+lTiOtQZJsVy2xKBjtR78xGCYxZ/wiRytlTHiXpzkCVHQz3KVzvlUtVbBNroOBzjgctVamlPcO1XmcZ3luaZixh+TWQNKdNG1YxQ314RiMeYE9Uv1X5JbLz+7COHc3m/MQULmJeYza6vzkJUU3Ul8rjgHCU2dX5mHhJ/+7GkXopKPAmfdtZoihULUxrAOwMIsbwvKjA4OH8Q0S9oLcUkhYCn2IT+x/EwZzy/bQmrVLXgWC56VQVsC9/nXkkLoj4UsZCELWchCFvJTyv8B0USTtBOCuxEAAAAASUVORK5CYII=', 'Emergency Management', 'https://www.youtube.com/watch?v=3QWz5PIs6mI', 'Santiago Canyon, Fullerton ,  Irvine Valley College ');
INSERT INTO public.trades OVERRIDING SYSTEM VALUE VALUES (6, 'data:image/jpeg;base64,/9j/4AAQSkZJRgABAQAAAQABAAD/2wCEAAkGBxMTExYTFBMWFhYYGBYZGRkZGRYWHxkbGRYYGxgYGhgZHioiGR4pHCEXIzMkJystMDAwGCE2OzYvOiovMC0BCwsLDw4PHBERHDEoIicyLy80LS8vLzEvLzQvLy0xLzIvLy8vLy8vLy8xLy8vLy8vLy8vLy8vLS8vLy8vLy8vL//AABEIALcBEwMBIgACEQEDEQH/xAAcAAEAAgMBAQEAAAAAAAAAAAAABgcBBAUDAgj/xABNEAACAQMBBQQGBgcECAQHAAABAgMABBESBQYTITFBUWFxByIygZGhFCNCUmKSJENTcoKisTOywdE0Y2Rzk7PC4RUWg6MlRHSktNLw/8QAGgEBAAMBAQEAAAAAAAAAAAAAAAMEBQIBBv/EAC0RAAICAQMCBAYCAwEAAAAAAAABAgMRBBIhMUEFE1GRIjNhcYGxMqHR4fAk/9oADAMBAAIRAxEAPwC8KUpQClKxmgM0rANZoBXm7gDJ5AdSeytDb2147SF5pM6VxyUZZmPJVUdrE8gKpvaN3NftFObmRoZ2Je21aFES3EMXCAHMuA4Zj21FZYork6jFsvKKVWAZSGB6EHIPvr1qitgbwNsqdS0w+hS6XEAy/CSRpgGQnJ9Uouof6zvq7LG8SaNJY2DI6hlYdCCMg11Cakso8awzZpSldngrGa0tq7Vht04k8ixpqC6mOBk9BVL33pymxKI7ePIkAiJLH6sFtWsfeIC9OmT3UBe1K4e6+89vfIWhcMVCa17ULKG0nv7RnwNdygFKxmhNAM0zVY77elmK0mijgEdwpLcYhj6oVtJVcctftdeXIVj0f+lSO7Z47kpFI0wSEDV64fOlT4jGM/iFAWhSgNDQClK0dq7Uit4mmmcIi9SfkPOgN6lQqw9JVlLMIg+AdOHJGCWbSAR1HPT+apjHIGAI5gjII5gg9DQHpSlKA+c1p7U2lFboZJW0rqRc+LsFUfEio7vhvqLCWKN4WkSRHYshGV0MoPqnryYHrVRbxbduL521TNwpJC0cZIVV9VhEAOwhevjzriU1Es0aWd3K4Xqz9GA1mqA3a3p2ncSBVvws59iOZU4cpHVFIHJvDkatzc/eI3UbrLHwriFtE8R+y2OTL3o3UHzrsrPgkdKUoBSlKAxmmaqg7n3LKLu42k9tdSEso1gIhJOlACcEAYHTpUs2dvQRaCSZM3Kubd4kxl5wcBU/Cww4PYrZoCV5quN+tpyzztZRzi2giRXupy2nGvOiFW79PrEDnzFdXjbU/tOLbZ68DQ2n93jZznxxiqpurt5764a4sp5lEzObdTjDYCqXI9ohAoHh515k6cWupZ3o82JFCzy21+11Ay6WUvrCyAg6hz5cs8qndV76M57JpJ/o8ElrLpQS278uQLaZV785IyO4VYJNenJWnpK26y3EMMcYfgRy3EurICrp0+p96QRmRgPEGo3sLdGS6B47iOKGZtDRcmlZFSNmB+ypMYbl9rPdXtvXLDd3F/biRknjk4kbL2/o8UJjz2gsdJHjU/sbVII0hTAVFCKO8KMZ8e81n2T+NvHKeP8AZaqjwVvvVuC1vE0tq7GIgCZG9dgitrZ4yeZ5+sR286k3oovZIdNmzF4Hjee1dhpbhiTDKw7OTRyDwkqVagcryOORHXqOhHlVX7rxG22so1AMk0kBDOSZI5VzFw0+yEURA9/uqSqbbWfyeWwS6F50rArDNjmauFYpD0rX3/iV/FYRMQluXaZuwMQM47yo9Xzevo7t2KxogiDK5RQ/Mli+NJz2d/ur43etYmuL+ePLJNO+ljkEoQH5eBL8vACpFDGFAwMBQAo7sDA+VU7rXuwi3VUtuWQHY00+x9pRojaobiSJW5D14y+nHgw1E1+jqpDe6LCw3AjEjQTxSBOmoagCue/Omrl2depNFHKhykiK6nvDKCPkanqnvjkgthtlg9VQ6i2eRCgDuxnJ9+R8KinpP3mWxspGyRLKGiix99lPreAUc/hUwqrPS9BFPc7PhJJdZWdlwcCPTnLHoCTHgDtw3dUjeFk4Sy8EP3O3OgSINOoknKqxQ/YD505HfyI91ae8+7aLGL21BThuSVwRzjkI1qO3DD4AGp6kI1FgPWbAJ7wM4HuyfjWZkDAoQNOCpHgev9TVBXPdkuupbcEi9F235L3Z8c8pzJqdHIGNRViAcD8OKlM8ZYDDFeanl3BgSPeMj31X/oavFWCWz0aXt5GOf2iu7gP56lZT+7VjVfTzyUmsCqx3t07Qu2t3kKWluqicgldU0kg0wnPblYyCOxj31ZpNQXd/ZqmBzIeIZbiSYsftaZvqCe/CJFjyryTwjuuOWczau5Gzn0W6wmGVkkaOSMH1eGUyWPbzdeR8e6tv0X7XmVpdnXPOa2zhuuY/V0knxJJHgKk7LUJ3p1wXcd7DJoZIjxV+zKkcsepG8dDvjxUV5F5JLK+MotKlBXy7YGT0HWuyuUt6aduqbqGBQDwVZ3OMnVIo0oPcF97rWzu36PozApvdUjn1+GG0rFqGcHHMtjv6dlRvd79O2mJXGRJNJO2f2cX9kPztGP8A0xVuw2qo0jDOZGDNk556FTkOzko+dVL5bXx1L1U5utQzxyVNvDurHa6J4GaazmxkDJZMjUjxt1zjmp68sdoqdboSSy3EUpKvNEpguXHITwPHxbW5A+1kgDzd+6uttSyVoGhCgeriPlyVkwY8DwYL8K5O4ls3HV4+SIhUjvt7hFuLb/hycaIeBqWibkuSvbDayyKUpUxCKUpQFYelDZNtxRcXIe4LIsNtbKcZkyxdvDlpJPhXM9Hmw7pfpJnJjkT1IQ3r8N3gUa2J9phHwVGeeM99Svegabt7jGWtbGWSPPMB3dst7gg+NY3ZQxq6GVpm4suqRsanIbSGOOWMKMeGK8fQkqjmR1JrYNwyzNmNg3I41EKynV3jmTjyribdvJbSZbqIIyMpFwpB1MsKmQFCPtiPinx0AVIiKiu+CySwTRxMFcSwRBuRw0zrG48xHJ/NXESxZFOJK9o7FWW4t7qMhZIiwJH6yJ1IZG7xnSw8Vrt15WsWhETOdKqvngAV7VIUykbFLWa4Eis30iG4WOVcYDa74nUfvY5jPiKsWW2VnSQj1k1afDUMNy7eVVrs1rWN5zHrFwrRzXBPNRwrzMoHceWSPKrLt3JBz3msnvLrw+/v7F6pfDkR2yKzuBhpCC57yqhV+AFVxvXbR/S7mcSoJYY47mNOkjPGi5bV2oFXGnvY1ZMzAKSxAABJJ5YAHMn3VUm2ZfpW0IoF0/WzW4YDIkjRUBcN+Fkdsg9qVLVFvo/Q8taUS/omyAe8A14bRhLxSIORZHUHuJUgVsqMUIrQKRTO6juYW4qaHV2R1+60apHjy9X4V181qbyzvb31znnEWjlYAc1WWJFWTxAkjlB/erxO27flplDlvZVMsSe7ArOti1Nl+uScUfO8THgSBCOIArJ+8JF0H8+KtDdzZ30e2ggznhRRpn91QDVW/Rmdog/qyT3NsoXrpRJA+j3IHJ8WPdVy1a0yxEr3vMhVXb7RyJtSLK/Vyxhlb8cSTKyH3OCPfVo1DfSZE30eKRW0lJ0AbGdPGV4AfINIp91SzWYtEdbxJM4bGvN3CgknAHU1zbfbcWMSssUi+2jcsHtx94doNfUcwuCugfUghi5yNZU5VVB6qDhifDHfWZtfcv7uDv8Aoz2e4nvJyfULrFGPLMkh/O5qw6ino3T9E4n7WaeQeKmUhD+UCpXWpD+KM+f8mRvfj1oY4DI0aTzRxO6nSQpDMVDfZ1aQmfx1x9zZl+jwxDqsEBwTklSuNXiMgj3VJt5thx3tu9vISA2CGHVWUgqw8QQKhmyNgpLBFGXkjmtjJbiVDpfEMhTB7GVlCtg/eBpIkpljJKLu4SJDJIwVFGST3f4nwqJ7X2Wbr6GkhaPjXWtl7RGsMsgjbzCrkd5rqWu7KiRZZp5rhl9kSkaQextCjBI5Vsu+vaFrH10JcTt4eqsS/Eu/5TXMepJNvayYCuTvZcGOzuXHVYZSPPQcfOutXB35H6Bdf7iT5KSakKpUno7iCTlzyAi0A/vSxN8zIg+FWsKrvcq3Rl0v7MjzQn+K2t5Bz7COC+P3althtYKeBcuqTIPabCrMo6SoTy5jqOw58KpajmWC5TL4MG7dyfWRIOrMfcqrlj5eyPNhWluNynH4rbSf/Qu7hB8m+VfezZ1lke5/VKpSMntRctJIPBmAHlGD2167ibNbRBcnkHtQNPaGkmaYn+YfCpNP3I75ZwiZUpSrJXFKUoDwmtlbIZQdSlT4qeq+VQLZWyXtkMdv9YYJZoyjtzdGbiKNZ6OA6kE9QSKsSorN9VfOhwFuIxInLrLENEg8zHwiP3GrmXQ7reGab311J6sduYe+SZlITxCISWPwFee07MRQwQqSS11a5Y+07fSEkdj4kKxrvBK4byC42lBAvNbZWuJcdjupjgU+4yNjs5VxHqTzeIk4FKwKzUpVKc3uiWwu7lEtzK1+mYiBka3DJLG34clX/iNeu7e0LqJHRYuO8TFLiHWEkjlB5umeTRuNL9eRLeVWrdcMDiPpATLamx6uBzOT05VRm8u13ub1b21L28Z1RJMvJptGCXZTyK81AB7D8I46ZTk1Fctr/BPVKTkoolm2byYRPPeKkFtHz4KuHe4Yc0iJHIKW6qOuO7Ndv0fbvwrBFeMqPcTqZXlHPnKS5C9wGce6qpku5pDruJXnIVlXVgBdQwSFXlnBPOpR6NtrPYLBHM2bS5yI5D0huFZleJu5WYEjxNWrPD56WKc+5NqtPOpJy7lx0rANZqEpFfekuAwtFfAEooME+OeI3YFJMdoV8+5zXKgWLGtAmk89ShQCO/IrvekveaKCE2vtzXCmNUHPSr+oZG7gM8u81W20ra0h+skOgHPq6mw3acIOR8eznVDVSUZJc5foX9JXKcW+ML1JJu/epJtG2ckcIcVIz96VoyQ48MBlHeSatsVQu0o1ngUxSAfWQmORfsniKoIx0xkn3Vae428TXUTJMAt1A3DnTucfbA+6w5j3ipNHY518rGHg41tahNYeU0iU1zN49li5t5YCccRGUH7rfZYeIbB91dOtPam0Y4I3llcJGgyzHoB/ifCrZTKm2TdLMCsqKLmIlJUYAlWXkSM9VPUHxr621dEIYYiOK6kDH2FI9sjs8O8kd1c6+uIb+Sa6aMxq7nQSSjBERVyxHQEqSc99a+xb62YlIXViME8yS2Mc8tzasa61RlLbFvD/AAjZp07ko75JZX5Lg3MkjaxtjFjRwY8AdmEAI8wciu5VP+j3az2MvAlb9FnmmSFz0jnVzmM9wdcMPHzq4K14vKTMiaxJowTVd3m2IbXaU0ZkXh3CxyMQciGYAR4c9FEihMeK+Ndj0h3MyQxLDIYlkl4cjqPWCmNyApPsksFXPZmoRb7OiVDGEBVvaz6xcntcnmx8TVLV6yNDUWs5IJ3+XJFg3d3HFGZJHVEAyWJGO/l31C7fbUkNydoOMwyKsciY9aCEMTFIB5kl1/F4VovsGCNwVViRzAZ3dVPZpVjgVuE9nZ2jr7vEVSt8UUJpRXHc5t1m54SLSt5ldVZWDKwBBHMEEciDX1PCrqUYAqwKkHoQRgj4VAvRxdNHNLaAkwpGsqA8+EXcgxg/dONQHZz7MVYVbFdinFSXcljLcslYSbDmtpLiGPm5/S7YDtMFw+uL+KGSOP8AiNd+1mguoUlCrJGw1AMobB7VwejA8iPCu1t7a0FpE1xOwVUBAPUktj1FHUkkDlVSbGvl411PNJPYLK4kjSHDKfUDMjKVYcRg0bcgM5OM4ryypz6E9UscYJPv1tNY4RbBgjXBSHPQRRSMEeQkeyMHSPE+FWHbxBFVFGFUBR5AYHyqmbuHjWvAaCQSsGknlkIfiuI2WJVbPTLZwAAuKm+4e12XFlO2p1jSSCQ/r7dgNDZPV05K3uPbXUKnXHDOroy4clgm1KUrsgFKUoBUY3+igNq0k03BMREkUo9pJR7GkfaJyV09oYiurt3bMNpC08zhUX4k9iqPtMewVXM1vNfJJtO9Ux28Mcj29ufBSQ797Hl/QeJnqWXg1bLf68eGLXHDGZCF4h1ZAK54hi6dPHrXA3b2pcRXQuItUjBZWmQn1p0BDsB+MLqZez1cdDUWuJpZpFhjkWJYU9Z+mOmefUnJxjzrt7tSPay28ryq+iYMCuT9WSEfOeY9VnOPCqrbUk2/wbaqrlVOEYPOOvbK5P0HszaMc8STRMHR1DKw7Qf6HwradgOZ7KgzH/wq5z/8jdSc+62nY9fCOQ/BvOt3frZtxdcG1hfhwylzcOM54a6cID2aiT54q0YZH9oXT7bnNvCSuz42+ulHLjsD7C/g/r16deV6VHjt5YIkASOGBjgDpxJFA5d50GrU2RsyK3iWKJQqKMADt8T41Snpam4l3dDrojjQdnNY+J/V6t6JPzd0eyb9kWtIpeZuj1Sb9kRi327A7BAWB6esAATkcuR5e+rM3DsIry0vLCcZUS6gO1eIoIYeIkVyKrC4t1ezHqoNESODgA5CqWOrxJI94qeeh+/IugrH+2thnxaMqw+Tuau6qdtlOLOcJNFrUzssrxPlpJr7MmO5G2pUkfZt42biAZjc/r4eiyDvYDk3x762N9t7voum3gXjXcvKOMc9Of1kncvh21678buNcxpNCdF3bniQP4jrG3erDkR415bl7pC31XE54l1MS0jnnpzz0LnsHT3VjmWRO/3W+jW4luH4t5czxcSRueNOZdC9wATFQOM291LM9w66EYRRqW0aQObOOfUmra9JM2ZLeLwmk+GhB8naqV3V2DBOJhMGMiOFwG04AGM+PrBhVG2Ud8pN4wlz6ZNGiM/Liks7m+PXB67G+qluLRJQ6PGzRsCPbVcj346+K1bm8ELx8DbVqpZuEhuI1/XQMoYnH316jyqG7N2BawHXHGVfnhixbkRhsZ8OXvqz/R5LrsIk5Hh8SEg90UjIB+UCvdNfCyctnojnV0ThCO71Z0m3gtxbC8MqiAoHD94PQAdp7Mdc8qg9jZT7alW4uVaOxjbMMB5GUjpJJ3+XQV7W/o1/SSryE2KPxorfPISP7Yx90EZH7xqbbbuBb2s0gAAihkYAcsaUJAHwq6UEUNvHdK3ChDBFuZpHYg6QsTSF9OezkVHuribes7eApcWkqBkdfqw2rPcQc58CO3NbW8tghuLSOXIiKrGSOXsnpns5la7cG6FkG5xO3PoXY4+HvrL86uuKk2+cvHr9zXdM5ycUumEn6cEt3QsIb+C7tn9mTg3CHtQyR6VdT2ENHn31JNw9uSuJLK65XdthXPTix/YmXvBGM+PnXA3CkEd8sagBHt3QDu4TIUH5Wf4V3d+91pbgxz2snBuY/q+IOWYpPVkU+QOoeIq5ppqdSaKGqg4WtM4npF3n4paytY+NJEVmmcc1iELCTSD2ucYx2A1qJIvJsjGNWfDqDU53W3WgsoeFGNRYHiOeZcnqSfjVSbW2SbO3v4UkZ9GoBjzOkRR5HkAWH8NU/EdOrNss85S92Z98M4Zw59v315M7WYIijPXkA2O1ieuexewGphs2/wBcUckgCM6aivTGBlsZ6YHOtPdGONLKIrgLoDMc4Go+2SfPlz7q9tubKNyYIw+jXOqls/ZcMrDl39PhVG7ZbYqFHCTxkhk1KW1I292rqaxMe0pf9FvCBMMc4BqIt5T+HTgHzzVpbW2tDbwtPK4WNRkt1znoFx1J7AOtfVxs2KSE27IGjKcMqRy04xj4VANj7hXDzLFeTGW0tW/Rk/aA81MneVGF/h8a+gjFRSS7F1LCwemxdmzbUmW+u0KW6HNtbn/mOO1j/wBhyyT4yvraV/2k8p7OiOY0P5FX41Yd/OsMLycgsaM3dgIpP+FUjeyPFe7PTJwYXRh2FhGGY+ecfCp63h5LujajLc+nC92dm/2wkEsKPnMsgRcdnMDJ8MlR7xUgh2S9xZR8IhLqzkkEDeMbMFjbvR4tII8agHpCi0rbT9sdwgAPaD639UFWZuPc/XXMZ+1w5h5sDG2PLQn5q6ty2/oT67MnL0WP7O3uxttLuESgFHBKSRnrHIvJ0byPxGDXZrgQbDMV81zEwVJoyJ07GkUrwpR3Np1Ke/l3V36gMwUpSgK32Hsabacy318pSJedvbdij77/AHif+1dL0q3nDsCg5GV44wPDOth+VSPfU0qqvTLeZkghH2VeVh+8Qqn4CT41HbLbBsueH1ebqYQ+v6Klt30XLqf1mCpPQ5ORnz9YeddjnlvVxkFT7xpPyJrmbatdcZfOGjXI8RyyPA9o8q27K7aSNXPtEYYjtK8iffjPvqhZ8UVNdejPq9InTdZpZLh5a+z6o/QGxCl9s+ITKGWWILIp5+sBpkHuYNWrubx4WlsZ9TiAIYZj+thcsEDH76aSp9x7a0PRPd6rZ4+X1chI8pVDn/3DIPcanIFaMJbopnxt8PLtlF9m0CK/O+8VzxJ7qTrqkucduQupF/lUVf8Ae3AjR5D0RGY+SqTX582XDqjZm5/V4PZkyDB/qa1/DI8zl6LHuXfDo8zl9P2cHZ2z55YEWV1S3IyAuNThSSBgdfM1L91rgRX1q4GkCVUwOgWRGiA+LL8BUd2GcwR5z7OOfgSPhW68pjAftjZXH8Dq/wDhWlXpIrSuXVtd/wBGhXpIrTOXVtH6QFK+IzkZHQ8/jXpXzB86Vjv1NqvSvYkMQHmzyM3y0VANp7CmWc3No6hz7cbcg2RzI7Dnkcd/nUl3h2vEb25Gos/F0hEBcjRHHHjA6cwfjXnDBdP/AGdo+PvSssY8Mjmawbp2Q1EpcYfHPRo36lS9NGMnyueOqZqbu2M6KfpD65JGLlQchBpwFHZ2dB4VP/RlLhbmL7sqOPKSJc/zq9Rld37ohmM8URCnCxpq7OmpvfUg9Fm70kMX0qS4aU3MUDYI5KNJYAfmNT6BqyyVia9MIq622PlRrWeO7J7Ub9IMumykH32ij90kqK38papLUE9Km0Eiitw7hVaYkk9yRSH+8V+FadreyWPRmdSk7Ip+qK+2/slbqLhltLA6lbGcHHQjuPSufsvZ18ZY+PIohhOcqwzIcYUHtPjnszXainkk/sYJZe46dA+L4rfi2NeP1WGAeJMrYx3Dl1r5+F8qobZYxz17ZPoL/Jc1NN546d8Hts1+Fc2snTEyKfKVXi/vMtW5VPWG6M896Y3vGKQLbTYChdX1rlRgdMGMfGrirX0MNtK5ynyY2ttVlraMVUNx9cJi3SWSf8ryOF/lxVty5wcdcHHnjlVHRbPv4SbeaSOJ40jxpXVqU6gGz3+qa91elt1CjGrrnJm3rMc+hDW3NvQ/AUsYWYZcNhMfeK/ex2d9WRtACNNQyBBwpB5QyK/9BiuVd29yksSC5yrjLnhoCoLogx/Ey02vsuUqUW7mzI0aEnTjTK6o2QB2Ak+6kvD9Ta4uaS2vLwQue5x9y8wc0rytIikaKTkqqgnvIABNe1XC6cDfaTFpIn7Uxw+6aRYz/KxqlvSBZNPPaRo2l3aUA8/VHqEty7gDVub+TcrdB2ys58kifH87JVd7w7KklltZIgNUUoJz91saj8unjU0I5g2aOnqctPJru1/RD95d2pbZYZnujMeKihSGwMksCMnw+dWxsGbh3sJJ5SCaE+bKJVJ/4ZH8VRTfnZ0k8caxqWYTRkgdQBlS3zFdy/m4ZEoP9jIkmfwxuC/xTWPfXezG5E7oUVOK9Ey1hWawprNVjHFKUoD5NUR6R77iX9weyMJGPJEDN/Mz1e5Nfm7aNzxJ5ZeuuWR+f4nYgeIwcVV1TxFL6m54DW5aiUl2Tx9zi7R2nEI3XVrZkIULzwTjr4Y7PCtmxtjFGqsMNgs3PoWJIHmF0+/NbabGgi0SpGRIzEqrkFU54DYPjyGemK+tn28k8oigTjyE+sPsrzPtt2561DKKcVCH3NSq5wtep1TSaTSSLA9FJaK5liYkcWIsAeo4TjmfMSfI1a1Qzcncs2rm5nlM1y6lS3RUViCUQdMZA+FTOrlcdkVE+X1d/nXSsx1I56Q7nh7PuT2tGYx5ykRj+9VQKNMDficD3DnVkemC6CWSg8g88Sk92NTjPvUVVR2ikg4aEYjxz+8SBk+Wcj3V9D4S4KLy+W/0jR8McVF5fV/ozzPL4dBWLtMh0/Cy+/GKxaXSeo7nCagM+OSB7sitVtrKHLyBgpZtLBSQ2k4IB7fWyK1rdTVFbW+xp26iqK257H6J3bn4lrbv96GJviimulXE3KiZLC1VxhhbwgjxEYrt18a+p8myCbU2dDDtDXGgVpYJXkIHtNxouZ+fxrO0r9IYnmkOEQZY9e0D/GvHf97uO4hktrb6RmGRDzwFPERhnH/9yqMWdrtTaLPbzRwxwRzRpcKBz5cOQqCTzOkj418/rPDLNTqdz/jx39y5XdGEMdyUX+1YIk1yzRopGQSw5gjsHbXc9HcmrZtmf9REPgoFQqb0c2lrcWZbXOJZ3ibiEnA4Erxj3Mgq0beBUVURQqqAAByAHcKv6HQR0iaTznH9ENtrng96inpJ2bFLYTvIgZoopXjJ+y2g8xUrrib527yWNyka63aGQKv3jpOB76vvoRI5Oc1pW+0onMqhwDC2iTJAwdKt29nP5Gorcba2xqiUWkUJmk4cevLEtpZ/DoqmurZ+ioTpxbyQ8dzI0qxnCMSxKZHgDXzFXgc5tu14+33L0tTFfxOpudtSGbaM3BkWQC2iDFeYBE0pxnyap9UR9GmzIY7G3kjjVJJIYzIQOZYD1s/xZqX19FRSqa1BdilOW6TYqtt8h+nv/wDTW/8AzbmrJqut9E/TSf8AZ4flNOP8a0NG8XIr3/LZHdr5MnLshB/Ld2bH5ZrO01Jikx7WhiPMAkfMCs3xOqQ/7Jdn3oIXH92tkLk47Dy+NakF8U4/90KWNsYsta0mEiI46MqsP4gDXtXB3Hl1WNuCclIxGT4xExn5qa71YTWGaS5RB97n1XIH7KD5zSf5RfOuJHKqnLMoAB6sB2V3t6dwEvZzM1xNHlEUojEA6S2D18aj1/6NLKO4tIsSSCV5dYdycqkLH3etoqWFm2ODQp1nl17EjU/8wW0Zy9xGMA8tQJ+VaP8A5wsvWUu0gZWGERm9oYI6d1S7ePcewt7Z5I7dFMbRSE/hSVGcHwKBhUxt9j26exBGvkq15K1sT8QnLKwau5t4ZrK2lOdTQpnIwchQDkeYNdqvlUAGAMDw5V9VEUBSlKA85FyCPA1Rkfo22oPVxBjpqLZyBy6dnfV7VjFcygpdSanUWU52PGSnd3fR0biWVby4ZxbukehPVUgxRyfD1sVNtlbKhtL5YoUCLJatyHaYZhzPecS/Kt3d3/Stof7+L/8AEgrO2zou7J/vPPD+eAyf1iFeqKXQjnZKbzJ5JAKUpXpyaG2NlRXMTRTIHjbqD4dCO41XPpC3DtVt4OCpidZYYECn2xNMoYN34Bds+FWpUV3m+svdnwd0k1ww8IYtK5/jkX4V6pNdD1NroRy19FMa3ZdnDWmCVgP3imk5PdnJ99dzcrYsCwSQGJWSC6uFQMA2kcTUMZ8CKmNRzdN/rr9Pu3Z/nt4H/wATRycurPXJvqSNRWaUrw5MVGNwDriuJv2t5dN7llMS/wAqCpDeziON3PRVZvyqTXD9HkJXZ1rq9poldv3pPXPzNAfO/J0xQS4/s7u1byDTLEx/K5qS1HfSEP8A4dcsBkpEZR5xESD5qK78UgZQw6EA/EZoD7pSlARfbnr7SsI/uLdTn+FEiH/MNSiovAde15T2Q2cS++aaRiPgi1KKAjW4JItmjP6q4uo/ctxJp/lK1JajW6pKz7QiP2boOvlLbwt/e11JaAxUD3yX9KJ/2eP5Sy/51PKgm/HK5TxhPyk/71Y0nzYkGo+WyPQRa5Qn34btPzQNWLWTKRt3qrfEA1tbFX9LtfxSSp8bWc/4CtDZvKKEHsijB8woB+YrWi//AESX0RTl8uP5Jt6OpPqJY/2dxKP+Jpm/6zUtFQP0dXA411FkZxDKR3Fg6HPdyRanlYt0dtkl9TQreYIVGtokttS1XsS3unPmWt0HyLVJajcZ1bVcfs7OP3cSeT/9PlUZ2dLeKz41rPF9+GVPzIRX3sK741vDKPtxRv8AmQGt81wNyG/RI0/ZNLD/AMGZ4/6KKA79KUoBSlKAUpSgI/sAfpV//voT/wDbRU3xOmOCX9ndWx9zyiJj+VzWdhn9Lvh/rID8bdP8q+t+EJsLkqMssTyKPxRjWvzUUB3aV5wyhlDDoQD8RmvSgFRaz+t2tO/2be2hiHg8rvI/8ojqU1FtyIyxvJ2BBmu5uvI6YcQp7sJn30BKajm766bzaA75YH/NbRrn+SpHUc2Y2NpXi98Nm/xNwv8A0igJHSlKAj3pAmKbOuivtGF0X96QaF+bCuxs+ARxRxjoqKv5VArl74bMkuLcRJjnNbs2eXqJPG7/ACBru0Bp7XtuJBLGftxuv5kIrR3Mu+LY2sh6tbwk+fDXPzzXaNaeytnpbxJDGMIgIUdwyTj50BuUpWDQEY3WOu72jL2ceKEeUVvHn+ZmqUVwt09myQpNxMa5Lm4l5fdeUlP5NNd2gI3YErtO6Tskt7WQeYeeNvkEqSVpGwTj8fB18Mx5/DqDf1/qa3aAxVeekjacNvPEZX0BoJQvInJEkfIAedWJWjf7Lhm08WJJNJJXUAcZ64ruubhJSXY4nBTjhlT7u7fgnvbKOEuxEzsTpIAH0eZeZI8a5W0NpS6poLZCWikkWWUj1YVEzID4nGD4Vau5+zREs/1aqRc3JU6QDpMhK4Pdg10rrYkEkU0RjAWbVxMDBYt1JPfUr1MnJy7vg5jTFRSOduZunFYRkKS8r4MsrHJc/wCVSWsKKzUDbbyyRCo3sgato3r/AHUtYvgskn/WKkhrk7J2WYprqUtnjyo4/CFhjj0/FSffXh6dauBuy2JLyLpouWI8pYopc/mdq79aFts8JPNMD/aiLI7jGGGfeCo/hoDfpSlAKUpQClKUBH9i/wCmX371uf8A2F/yrs3kAkR0PRlZT/ECK+ILJEkklA9aTRqPfoGF+VbVAc7d6CSO2gSXHESKNXx01KgDY94ro0pQCvlVA6DHX/vX1SgFa6WqCQy6RrZVQt3qpYqPcWb41sUoBSlKAUpSgFKUoBSlKAUpSgFKUoBSlKAwBWaUoBSlKAUpSgFKUoBSlKAUpSgFKUoBSlKAUpSgFKUoBSlKAUpSgFKUoBSlKAUpSgFKUoBSlKAUpSgFKUoBSlKAUpSgFKUoBSlKAUpSgFKUoBSlKAUpSgFKUoBSlKAUpSgFKUoBSlKAUpSgFKUoBSlKAUpSgFKUoBSlKAUpSgFKUoBSlKAUpSgP/9k=', 'Speech Language', 'https://www.youtube.com/watch?v=Jk4ynntSOSI', 'Santa Ana College, Coastline, Irvine Valley College');
INSERT INTO public.trades OVERRIDING SYSTEM VALUE VALUES (3, 'https://www.onlinelogomaker.com/blog/wp-content/uploads/2017/09/fashion-logo-design.jpg', 'Fashion Design ', 'https://www.youtube.com/watch?v=367veujwj_Y', 'Santa Ana College, CoastLine, Cypress, Irvine Valley College');
INSERT INTO public.trades OVERRIDING SYSTEM VALUE VALUES (11, 'https://encrypted-tbn0.gstatic.com/images?q=tbn:ANd9GcRrIr0m2V3VeAjox8zXsgf5wstwQ5ajpOgSjw&usqp=CAU', 'Building Codes Technology', 'https://www.youtube.com/watch?v=cEnFAWdeYwU', 'Coastline, Orange Coast, Fullerton ');
INSERT INTO public.trades OVERRIDING SYSTEM VALUE VALUES (2, 'https://media.istockphoto.com/vectors/hand-drawn-symbol-welder-black-silhouette-vector-vector-id904834318?k=20&m=904834318&s=612x612&w=0&h=FqX2tqcChHxo3gHxv1LLwfXcnOhkReI3oan5LoBuorE=', 'Welding', 'https://www.youtube.com/watch?v=nuEJ_4JV0Pg', 'Santa Ana College, CoastLine Community College ');
INSERT INTO public.trades OVERRIDING SYSTEM VALUE VALUES (9, 'data:image/jpeg;base64,/9j/4AAQSkZJRgABAQAAAQABAAD/2wCEAAoHCBUVFRgSEhUSERgSERgSERISEhESERESGBgZGRgZGBgcIS4lHB4rHxgYJjgmKz0xNTY1GiQ7QDs0Py40NTEBDAwMEA8QHhISHjQkJCs0NDQxNDQ0NDY0NDQ0NDE0NDQ0NjE0NDQ0NDQ0NDE0NDQ2NDQ0NDQ0NDQxNDQ0MTQ0NP/AABEIAI0BZQMBIgACEQEDEQH/xAAcAAABBQEBAQAAAAAAAAAAAAADAQIEBQYHAAj/xABIEAACAQMCAggDAwgGCAcAAAABAgMABBESIQUxBhMiQVFhcZEygaEUUrEHI0JicnSC0TOSsrPB8BUkJTQ1Q6LhFlODk7TC8f/EABoBAAMBAQEBAAAAAAAAAAAAAAABAwIEBQb/xAArEQACAgIBAwMDAwUAAAAAAAAAAQIRAyESBDFRBRNBMmGRFCKxI3GBwfD/2gAMAwEAAhEDEQA/AOPLT1pi09aACrRFoa0RaACLRUoS0VKADLRUoS0VKADJRloKUZaACrRlFBWjLTAcBT800GkZqACxvvVjDVKr4NW1s9CdgTVpHakU0NzTEDaPvoMsYojyVFlmrnyy1RWC2eBpC1DLUxjXMkdKphtVMlkIGVGT6ZoLNT4a2nWzPHdAhf8AcQM94BIP1zRRdg95X1G30o0lujDtAH15+9VlxaFfgYjybcVtShLuqG4yjtMsEmzyIPoQT7UZHNZ5pXX40yPEfzoicTwdmdPI7ite1F9mTlOT7mlzTCKqo+KnudH9cA/SjJfd5X2IrDwy+NijJXss40ojrjeokXEU78j1FWUMAl2jlgZjyjMhVz5DUAPrU/ZyX2OpZMaV2V7znkaWKfFRrtGRyjgqynDKRgg0ON96ajoy8m9F5BKDUkTYqqjbban9YRzqfE052ie9yKB129Vc11vSLdU+BzubRc6s0x078VHtps1J63NZ7MtDaEWPO1Oa3FL14FKZNqHZtfcBypUBpjTCjRyiixSfgEQa9TJ5N69ToxyZy9aetMWnrXonCFWnrTFp60AFWipQloqUAGWipQloq0AGWiqaEtOBpgHVqfrqKXprPSboaRKaek66opNNY1OUmNIMZN6trGbIqjBqfZmlCWxyRfq1DlahJJtQLmU1ZvRhIFLJvQs700NT1WuaZ0QQ9aSSlU15hUbLpEdqNE9ClFJHQ2aSJpaoFw9SdO1RJloiEloGHwCfAVUuP8+daK0kZELodLMdIOATpG55+f4V4cRfI1LHJj/zI0Y++P8AOKvG0rJrDKStGYZKRXZfhYj3rVPNbOAJLbSe94n0nA/VO2ajzcHtn3huDGTySdcDP7Y2HhT9xLumjEsE18FKnEpBsTqx4gH8aPHxUcnAPp2T7U674BOg1FesXGdUTCRcbb7b/Sqsr3eeCMcj4VRST7OyDTXc1VhxvBG0UvdpnjSRsDuDHtD5Gr+DiNi+01uYCdusiZgufIZx7iuaaPDIqVBeun6w8DUcvTRyb2n5To3HI467o6Pf8KEarLE/WwybI+2VP3Wxt3HfyPKqq4k2q26KK0nDJxkjLSOg+6yBW2+a/U1nEvdQ3AcH9JcZ9q4+llKTlBu3F1flFsjSSflEG5m7VDE1GlhDHK7/AI+1DWGu2ku5CmyTBe4qyhuxiqCaIjcUe3kNYlFNWjeOTTpl4ZwaVrraqgyEV5bgd9T4nRzRYGTenLPioivmnldqXFE2Ge5FeqMSK9WqQrMMtPWmLT1rtOQKtPWhrRFoAKtFShLRUoAMtEWhLTwaADKadqoBek62k3Q0gzGmZpuqkzWG7GkGBprUzVXg1YkaQ8VMtnxUMURGpRdGqLdJKFM+aAklLmtOVmaoetSFFR051MVKzxspF0AY4pvWU6aPG9RzWJRKxkPc0iNQyaZqrPE05EwPUeU5ofWU7nTUaMuVk1ru3VFEqzAABTJG0bYY7nKEAjfPeaSOK2f+ju4wTyWZWiPuds01WUwNF8J19YzeKhdKjzAy3vVI9rH+koYfejbSw+XI1dRtLYo5JR7Ghn4JOo1aDIuM6oyJFP8AV3qteLfDDB8CMGo9laOpzaXLRtz0MzRMfbstVg/Sa8i7F5BHcryzLGAxHk6bfjSlGa8MtHq/iSARKyHVGzRkHIKMRv8ALnUxuIh9rqKO43OZD+bmwQRs6j/DuolvxTh0+x66wc+P52AEnxG4Hd3VMm6OOV1wPHdpz1QurEDnuvd/3qbavar/ALyXjPFkRTPwm2k/opmgJP8ARzr2B4BXBxjGee/Kod7wGaL401DGdcbB1x47bgeuKmSoVOlwVYbFSMH60ayZ1IEbMCWwqqeyWbA+E7b7ewrSk4q719yc+lhL6dGu6AuDaaQy/m5JeuUnfQykj8R7GsMOBOqq6OAWQEoSQVyM4z312DgvCkhQAAaiQ0rqAut8YJwO7wrH9KbUQylF+FgJFH3QSdvcV4vQ9XGXU5FD5dr/AB3JZYrik/gxQeVNnTWB7+4p6Xw5HPP9Ln71ZIMmjyWqkdpVb1Ar2nl+GjnjjvaZWF1Pl68j6UVIBjamyWyD4cr5A5HsabE4XO+Se/lypNprQ4pqWxsooAFDuruhJc5pxi6JznvRbW29EmfAqGlwANqbJcjBrDjs0paEaYeNeqqkkOa9V+CI82VS0RaEKIpqggq0RaEpoqmgAq0RaEtFU0AFBpSaFqpc0AeY00U4mkzU5GkPQ0+hKafmsDEc15HprU1edJjRMSiqKHFRTSo1Y9aOhqKrUdDTMkqPnUtTUBXoqvTUqKKNh5m2xUQinuaGaxKVlIqhhWmFaNXguaLoKtkXTvR1WpCwVIs4kDjrN1GSRnGo4Olc92TgUJ8nQOPHZBRFLAPkKcglcZGxxz7s4z5ZqBeDSSoUMFOMoe0D5itg97bBdUMQSVMFY5MEMR90nZjWH4jcK7lpEaFyckrqBz5q2/1NdCx1HuTUm3pDVuU5ZI8mG4qQt64XSkgde9Gwy+xqIkbN8Oiby+GT5A7+2ajyooOCGQ+DChaGXNtcW79me2AP342aNvXGcV6W0gjYPBNc2zHkxXOn+JSDj3qqRXAyjZA7gwJ9jTHuX2LZ23GxApCvyaX/AMRXK4Sf7Pfp4yACTHk4wQfM5P0qx4Pe2MssZTrbSQSK3USduJmBzpV/lzbB35HvoeH2v2lRqAJHPSQGx4kVN4bwkpcqVPYRgc5z2jtjI9ahnjFY5fGn2KY5zUkkdhhbs557E+p7qw/TBy1wc/ooij0xn8Sa3FsOzkb+WK5/xNzI7uwwWbl90DYD5AV8z6RD+vKXj/Z05Y2miugWpMg2pix4qRpyK9+TtmYQpFDexmqi5JUVrZbXVVdPw3OxFUjkS7kZ438GUVSxyaIUI7q0cfDByxUkcLA5iqPMia6dtGYtmbkc1NZARirQWAB5V57VaXuJsaw0tlT9lHdXqnscbV6tcmZ4IxYp60wU9auc4RTRUNAFSYrZ2GUSRx4qjsvuBTAcpp2qhMCpKsCpHNWBVh6g0qZJwoLE7AAEknyA50mwoJqpdVDdSpwwZSOYYFWHqDTo0ZjhVZj4KpY+wrLZocGpwNK8Lpu6OgJwC6MoJ8MkU2sMY9TT1NDjjZs6FZ8c9Ks2B545UqtSAI1NQb0RY2ILBWIHNgrFR6nkKSMUUBJjp7UsVs53CSEHcEI5BHkcUjKQcMCp8CCD7GhisQURGpscbMdKKznnpRSzY9BXpEZDpdWQ89LqyNj0NC2aT2SFejJvUSPerCGFsasHH3sHT70uJXmqF00NlqRyoUqsBkhgDyJBAPoaTQlK0BNKj0J3ryNRJaHGWyejVa8CtFkZ9Yyqx6f4n2H0DVRq9a/o3DphDHm7F/kOyv4E/wAVTX7dlZS1RQ8V6MSrlox1q+Cntj1Q/F8t6zrzMvYkGpV2KSoTp+R3X5Yrra8qR+HxyjEqI45DUMkeh5j5UR6hx7k2k+5yB7WF906yI/q/no/b4h9aSGCY7RlLgD9AFJD/AO241ewre8Q6CwNloXeE9w+NfxB+prN3PQ27XtIsc4HIqRq9jg+2atHNCXzQ9ozl3pDYkgMRHMKHiY/Jsj8KYkyg4V5EH6wDj2FWt9dXMS9XMkidwD6iPkGqteeNx21VW72VSoPqFx+FUVPsZkX9pbPpSSQ6xk6WQ/m27gcDbNX/AApA0iDIGDqweR0jOKpLbiMqW3VokUsZ5FNYdGPeGwe/uq/6IQa58uAdEZfHdq2H+Jri9QahibT+GU6Z26aN5FjTkEjbngsR8hWGZck76tz2vHfnW+RQQNsahvjY8qwFwuh3j5lHK58cHFeB6TJcpo620CkSgB8bUZ3quuW3zXvxjyITycSeslKWBqpExqTHIaUsbQo5UycqClYUCLJozoaxR0J2iLdEAbVUyOc1Zzp41VyJvVorRz5GNEdeoi16nbJmHFPFMFOFdhxjxXcuhV5cxcBElmnXTpI/Vx6Gk1ZuMN2VIJ7JY/KuGiuv8C44bbo8zwTpFcI7FAGjaQZuQD2GznKk93KgCb+UqEy8Jhu72JILtXQAKAGDOxDJzJwUBbTk4I8qzv5HOEhriS+l2jsYiQxyFErqwznkdKByfDUp8KxfGekFzdkNdTvNpB0hsBVzzKqoCg+eM11Sx4pZ8L4VFDMq3TXZJuYIpELEyJqcPg8lUIh8aAKr8rtmsyWvFoAdFzEsch5EErriLDxwXU/sgVV/kdP+00/d5fwWtfYcXseJcPuLCJFsBEoMEcsiAByWdGUk8tanI8/OsX+SSdU4irSMsYEEoLMyqoOF2ydqXyM6xwy5vLi4vLe+to/sS61hkkTT1g1YAIJIdSuTqwMYHjXz9dqokkEZ1IJHEbZzqjDEKc9+VxXZU4/BxD7dwq6mWIrLL9nnEiorw6+yM5AbSSBj9Jcc8E1yiz4KWvFspWjX8+I5JBIvVCMdpmV84wUBI9QOdD2COsfk0gisbKKechH4ncoiE4yQ2RAvoQGb+OuZdNuDfY76aADSmrrYO4dS/aUDyU6l/grpHTHplw6OVLV7b7YLUK8bxyKIonwMBSD8QAXfuz61UflLnt760t+JQOgdexJEXTrQjnGGUbkq4x6OxoaVAE6In/YPEP8A1/7lK5sgrp35PEjl4VdWrzxQNcSSoC7ICoeKNdWkkEj+VY7pVwFbJkRLmK76xGYtGABHpIGDhm55+lJ9kB1uxe9XhlkeHrC79RCHExIUR9UdxuN9Wj5Zrk/S+a4a7k+1LGs40LIsfwZ0Lpwcn9ErXRlt1uuGWUMV+lk8cULyMsulyBEVKMA6kbkHf7tcs6U2ZguHiNx9rICk3AYsXJQH4izEkbDn3UpLQI6bx/ia8Dt4YLaON5pgzSSyA4JQLrdsYLElgAMgAA+G8TiXFbu8tHhu+FTvNn8zLHGyRpts4JyykHuGQw8K9dNZ8dt4tdwlpdW6lXV9J+IKH7BK6lJVSCDtyPeKn8Q6Qjh1pJHLfjiN1IumFQsKiPIIBKp8Kjcksd8ACnQHMLGJnZY0GpnYIi+LscAe5ruP+jofs/8AokMNYsw4279WOs9esGr51zP8l1qjXPWzMiJbJrXW6rqkbKpzO+BqPqBWpj6dWRueu+zuGLCM3JYf0WdOrT93G+P8aaQ2zn9yCpKsNLKSrKeasDgg/MVtOmTf7IsPMQ/3DVTflGt0S6MkTI6XC9Z2HVwsnJwccs7N/Ea1Nxw+K94bZwfaoLdo4oXbUyMciLSVK6gQe19KTQJnJyacjVK4zZCCZ4VdZgjACRMaHyobI3Pjjn3VBzU6N8q2SkJJCruWIVR4k7AV0e2jCKqDkihB5hRgH6VgeBFBJrkbT1YDJtkF87Fv1RzNbWx4ijkKcIx5KxGH80bk49N/ECsZYNRtLRqMreyxNS02WoibkCpTHurjZQHOdseNTLRNhUA7tjwqzi2FYYyu4lh5UjOCqjUwIyPmKzHSXhlqF1dRFrLbaU0/2cVembtSynkMgHyH/wCVz/jHFi7DfmSxH6gOMfxNt6K1HTqUpNplpJJJMdPcW8AXWdDsPhR3dAucZ0gkKfrWv6IWwAeVWjdXVQjxurKeeR4g5xscGsNHHbuElkDPJrCdUSBGVB+igZroHRWfXCZAqxq9wVjReQRCFHvpJ+dP1SKj0rbdttIzhtzpdjTDkPlWG6SppuJCO9g3uqk1t1PZx5be1ZTpdCRJr0nS6L2sHSWGQRnxwBXg+lNrM15RXLpGdM+agvJk0Z08KRLSvqcdR7nFNykCTFGicA0jQkVHm25VttMzFuJaxTDNFeWqSCY1KWSpyirOiOXQeR8modwmKlImTT5odqXJRYNOSM/I5BpaJdIM16q8kR4SMaKcKaKcK6TnHCr7gnRh7iNrhpba1hR+q6+6k6tHlxq0JgEswG58qohWo4Lxm2a2/wBH36yiNZzPBc25UyQSMoVg0bbOp5+I3x5AFVxvg8lrII5DG+tFkjkikEkMsb/C6P3qcHnjlWgi6BOUaVb/AIQUjKrJIt1JoRn+EM3V4BODiqbpFwE2jRskiXENzH1ttcIrIJEBwQVO6sDzXfmPlZ8G/wCEcQ/erT+01AFMnCma5WzR4ZWaZYUljcvbszEAMracld+eKj39sYpJIZNJaGRo307qWRiracgZGQfCp/RD/f7T98h/trQulP8Avl3++XH969IY3jnCHtZfs8pRmCI/5ssyaXUMPiAOcHwq4s+hrvBFcNc8Pt1uVZoUublonYKxU7FNPMePeKJ+Uwf6+f3W2/uVr3Sgf6hwr92uf74UUBVcY4LPaOI7hNBZdcbKVaORPvIy7MPrvviks+FNJFPcpoCWgiMuokORK+hdAAIO/PJG3jV3bsZODSiUki1v4xaFuamRfzkan7uDqx86Z0d/4dxT9ix/+SaTQWV3A+Cvdy9TG0SMI2lZ5yyxrGmCxLBWI5+FH4lwAQxmQXnDp8FR1drctJM2ogZCFBkDOTvyq1/JyF+1SdZq0/YLnXoxr06V1ac7ZxyzVVxFOH6P9VPETJldP2pbQRac9rOhi2ccqEtBYHgvB5Lp2SPq0EcZkmlmcRwwxjm7vg4HufrRuNcAe3RJVltrmKR2RJrWTrEEijJRgQCrY39Kf0d4wtv1sc0bTQXcQiuER9EoCnUjox21KSdjsc0TjPAolhF5ZzG4g6wROJE6u4t5CMqsg5MCB8Q25UqCzNuAeYz60a2XwGPShYqZapTRonQrtRnbamI1ClegTPFq9tQ6cgrLBD8V7FPUUp8vlQojkz0TEHbOeWB357qJcySW+FbIVxq6uVRpIPiOQPsa0nDLW2XUitqmjz2jv28bMi55A/hWT41LLI5ZnDlew4Ydk45ahjKn1xz2xV1BpXZmLt0aHhHSYrjtlP1ZMyx/JviX3xWnt+PowyynH34yJE+m/wBDXHWXB/SiJ5ZJ0H0Yf96el06b5P7SnB/rLUZY4S7rf20WTo7dw+4RzlWVjz0g9oDzXmKsLuXQjHwFcZs+lUigCQJKo++o1D+JcfXNWT9MMjAeVQf0dSyAegcYx6YrkydI2v2v8lYyV7NdxNyLdgObIzeuxrlX2rDEtnuHpgsf8a0adLpycGOGdcaRpJVsee5H0pLuWKeIxm2+zOXVlcFpDyOSToAA8s708GGWPTWvNhkmpdiiSZGZTk8sY8q6x0MGLOL9pj7u3865W3AJBqKsjaVJUDIZ/IA99dO6E5FjFkEFdeQQQRiXvBrj9a3gVeV/DK9K7bTNXH3eo+oI/wAKpukD6XTD4LxkMjAPHIqnkyHY/Fz5786t4v5H/qIrFflNcqlvIpIKySLkbcwCP7NeN6Rk9vq4ur7/AMFc0FJNBn4ej7riFvuklom/Zbmno2R+tQZLRk2kUrkbZ5MPFTyYeYqm4f0pBAEqE+Lpz+YqzuelMcaLoImDuAYioO3NiVbYHHf419jkxYcsbi6ZwpZYOmrByRCq6eMZrScCmc/nCsa9ZnTGqoyRp3AsRlzjmT8sVV8WfrJXSODQ0Yy3VKSjKDuzLyHjt5+tSfSSjFSu/sP3NtNaXyVaW3eKkLFT7Xwo867bVyybujUUmCiXFHcbVB6/FG6/K1Gd2UjJLRV3idqvUaVATmvVVMKOfinCminCvROAcK1HDeK2L26Wt/FODbs7QXFl1IlZJDlklD7NvybmNhtvnL16gDQdKOOpcdTFbxtDb2kRit0dg8h1HU7uRtqY42G21MsOMIljc2hVy9zNA6sNOhRESWDb5yc7YFUYpwoAkWlw0bpLGcPG6yIcZw6MGU49QK113xfhVxIbu4t75JXPWTW8MkP2WWU7sQ7dtVY7nHjWMFKKALLj3Fmu7iS6dVUyMMKvwoqqFVR6KoGe85PfV+vGeHyWtrBeR37PZpIg+ztbpHJ1j69yxLeHh31kBTgKALrpBx8ToltBCtrbQMWigVi7M7bGSRjuzEbeWTTOE8VSO1u7ZlcteLbhGXToTqZS7a8nO42GM1UlaQUgNH0S4tHbTtJMsjpJbSwMsWjX+cAGRqIG2DS8RPDzGRarxBZMrpNw1qYsZGrOjfOM486oUaiqaQi54FxGBElgu4nkiuAhMkWhbmB0OVdGbYjfdTsfoS8V4tbi2+xWSTLG8wnnluWjM0rqMIoVOyqjn6/WjAp6pSbGgCRVYwx4r0UVSGGBQmasBI2Kja8mn3DUBKZlslotFOKjJJivPLToVhy9MeWopcmms1MLLO/kwyuNSkqGSRfD1FN+1JKQJwQ+MCePsvj9bxquZgyaP0lbKMCQcHmufXfFQRO6nGQ2DyOxrSk0UUos0jcMlC5Tq7lD9zSr/NT2TVY1vHqw4aE53BDRn2IZT/01Gg4o6nKsyH9U1bWXSNx2ZkjuEPc4GR6Gk2mVjTIk3DzpypjkHiUCsP4kJX61UvBg4KsP2SGFau5Syca0R4W8FbA+WKoZoQr7OzrzJIwwHmDsaQ5JFhwnh8LBesUZJK4MjB8gahlRjs4Bq2unVE6tOyoOcZJyfEk7mg2XE7RI9DoXYglZdI6xGxgbchVZNc6gCe9QfpWMsHapmYzSTTWyxtLjJronR9s238Lf2j/KuRWl1paut9HhptFJ/SjDe+W/+1eL6wqxpfdHX0kuVl3A3Zz+qD9azH5RbPrbZRq0lbnIJBI3Vxg1ooHyqnxiB+o/nVH04JFqf3kH0HarxeiuPUxf3L5tRb/ucpksp499OtfvIdX05imRXOpsttpXAzzzV3a3PjQ+LcPeUB4+0ygqy97Lz28SP8a+wtN01R5+PJINwziskbaY3wug7ncDPhV9YdJ07OS0bBRqbGzHxyKx3DbaZw8SRuXVchdJ1b8vSoMhlibTIjKeWHGM+h5Gr45uLtGsijJJM66t/HIMyJHLn/mLgP8A1l396FLwqJ/6KUoT+hKMj+sP5VzOz4iVOUZkPrt7Vf2XSJv+Yob9ZNj8xV28OT61T8nP7U4/Qy2vuBzpuULL9+P84nuOXzqtcYFXlhx5SfzcmD4E4NTpriKXaeJGJ/TTsSf1l5/Ooy6GMtwf5H7s4/UvwYpp69Wgn6MQucx3DIPuugcj5jFerH6LJ4H+oRyWnCm04VskOFLSClFIBRThTRThQA4UopBTwKBDloq0JaItAD8UwrTqWgBi0VDTKeorIBUo6DegpRo6yzcUWEWMV6U0JGrzHakgoiutBYVLPv5eNT7q0CoJVOA24TA7Pz7/AGqiWjNbKPQ3gfanrbseeB6kVMNNIos2oIjdUfKmmAnvH1qSa8BScmPgiILU+I9qc9rq+PDeB5MPn/OpBNDY0ubH7aK2ewZfhGseWzD5VG3G2ceTAqaty2Kh3F4eWlT6jNNSYqoitM3I7/Wh6ya9IfID0AFeiYggjHzAP41oVssrPhznDEhRzAOc1KewfGAV9zTreckAnvqajVhzaNxgmV9rw1+sUOQqlwGYHOlSdz8hXWbm/gSIxCRV0wArpIOrPIL4nl71zilWuLquk/UuLb7F8M/aukdZgQiNNjtAffY0DpJZ9bayxjAONakkAakOoAk8s4x86wUXFpwuBLIAOXaOR8+dGveOTvF1LvqU7k4AY753PfXkR9LyxyRkpLTs6J5VKLTMnFKdWavLC7AFQ3UHmB7AH3obdk7eAr6CcUzy7ePZoPthAI1HB5jJwfUVX3FyD2SA4PNWAZT8jVeLgk4qfEtRri7H7jlorrjgqNuhMR+62XjPz+JfrVZcQTQbsp052YHUh9GHL0NauTlUKWZkzpJH4H1HfVYZG+5RtxRSQ3wPPY/576tbTizpybUPutvQrawjuW06RC2CdceynHinL2xVW6FGK5zg4zjGcVdSa7Go5OSNfF0iXHbUg+W4r1ZUSGvVT35+TfGPg//Z', 'Paralegal Studies', 'https://www.youtube.com/watch?v=CMhCSNjfYPo', 'Santiago Canyon College, Irvine valley College, Santiago Canyon College');
INSERT INTO public.trades OVERRIDING SYSTEM VALUE VALUES (13, 'data:image/png;base64,iVBORw0KGgoAAAANSUhEUgAAATYAAACjCAMAAAA3vsLfAAAA1VBMVEX///8jHyDcIi0AAADbDx/aABjcHirxtrjrkpb//PzfMj3cGynZAADCwcKYl5cPCAraAAseGhsbFhfaABP75eYVDxHq6en2zc/31Nb+9/jj4+MIAADd3d3y8vIYExTHx8dZV1iBgIA2MzTQ0NCvrq787/CFhIRJRkfzvsCjoqKSkZE/PD15eHgoJCXNzc1oZmbsmp6pqKlNS0tjYWL53d7mdXrphIjeLTfkZWvvp6rkY2m3trY5Njdxb3Dyur3hTlXgQEnjWF/rlZnfO0TohYntoaTneX3RI5krAAAPhElEQVR4nO1aeVviTBIHOqBIgBwGReRUDgUvvG8dx/n+H2n7vtKNs7vwPrvPU78/xiHVqVRX150UCgAAAAAAAAAAAAAAAAAAAAAAAAAAAAAAAAAAAAAAAAAAAAAAAAAAAAAAAAAAAAAAAP7v0a1bOD/sGguOLHr/qOXjdfDcmAyHk6vzrmdBt35CFpz0u+ZVLw60ZdWj49PhYjhpPB+5+Lf6mDcmnxg3bQqHKI/5iSbXNE8vLs7zjLqNEULNDKOD0PWR41HHU7VgUFfXnx0icKhV/Ysm6tC7mx3UGTxbDz95QaiTceZnw8P/Tik/o4+KOcQdNJELRnGenqGpLdgpamoLe+jatojjHkrUggTNJYfjTl4EBiS0Xx+hnk5IUHalWFcnqKNLieUbbNjknh1qw+iMhCvmtcbkvtK5HIzsrWeZYXDdAbIYxeiY0xpNr9r45l/tm8ntA3EwR3GeQc+Ub+048Rx1UmRSdX2mgE4Uk75uSHJfmt4Ok8zBgXva0EHjK6gM1blTr1mRnexzXqf0XuUwG8DEJ3NvSekttzUWNQ9yOjrRm/TTQ8/OmJ++9lxEgmaV0OduEZtzyv/cI6B+rOvHwiszc6JDr9riEWdx4FnSG/AF3abH0+eUvMybqv6EodveO4x716e1emGTGPhkLsZnhO62JCZZn7HQk0asK0jY43WmL9BWsL0V3UrFa6fWuSW9Xo/Li14Z71fFO+71soTxipEj168Tcs8Jz/lKjXTXKmVwuhKzxyS/UvvqoPm0qX5mbIHmRk28oKg8NhkQuiRndv1ByNfSHVAyeF28LjMioohcKobg3HyxWFzPEQ6EcXPTFYjwgOT64JDgeSrjb7OB6SfiJzqn9POJpiXK4UxoIW4e42hTPVYBvEkXKINGDRKOjkbqQldzs2zSbZnQqUWZefu4/hOB61Q8LFvyrNttdJpn3op8XVAyiyvyeHuLgpYyUFVIrTZCpJO2FGdcWOVWtIBQBiGctisVS7xUhsaOq2aQ1q673URosDDnZ5ZMFbU18HUpa4PcEzUt8xJ1IZUy5D0X4hLViiwfVBBWC8hWr4RBN0/FAlmpkadKLSOr9KcQ7Jk/26i6lPoPQB21PEDpdVRS4WHxi6QrvyVqE8ExjuUCWfZTRSglagWJAI5+9ZVbF89XOtehVL5xAzMgXUykxYLqC6iTCq0kS0mXtkKcVEWmhVxQN85CpM547hZBKdkVx0V1Ei8dxMKRFH+z9YYNFTpk8Xpu+K0MdK/yHhFPikgXXDNXyaHzbER8twjKeF0WMxUP6ywcZPn0YrOfp24OMvCI9q9QfZFaOdd6K7XpEyFq7wL/epYMVC/V16OVS68GVNLpG2C2p9JwhqbDRt0ca2lFHSpeT477B1XnM9YNmcARv9AfCfuKk4KeMnjKbw1VYqwbDFTSr+ue70yFOlRvZRZtLJjpDWucNfH1s4tjqboq0qgJGRo155N/IDsshFTxy4ggU7UoDcLqOM/ogjNV7vLWR/zO1DkbFmgmEAc8fQo3zjqyCXGvg6TDTvOjkQyduVLyWqFq8JhCl5uIpvVW9gKWRGSmHSmmhuefrgxdBedAjy7nQd7ZkTY73KSOXb1fjK43qDKCua8f5EW5ZxxH6EODgV5vGpqSPtjxiOCZTIlYeeWUIBZpd+S01aYz764P3lFX54IJ7R238QMVRV7vQjGVnk8CpjTHM7cEVc/BSJ9+deuNl98tx6ivuOmxUcFnTHwsowzHEprbWqEqQ5tWXlzrmhLm6C68/AM95dOnyDXcEj1Fa+4c5iH309YDz7QqRqJ2XTjNMS7WbQZ6FT/XS2SXOerwDfS0fR+8IiRGQhKq2zp+QZ2erTq0yTrOOWFM0Jmsua+dLqDCVK5AIdALu6os/BYFJ7TJgAl9Ufd5sjzD15o9lxCFw5OLOa5NOto4VPXYG4CqsntZJt6XLbX8LWvfpNPpqHmPVKu0FW18YVigDF3Z0C2C6q3qBwZyK7uH9ZML5ZFWZq62zo9PX2Qo1rqa9UMmyt7rkMJ+9StCW3Jd6KoKSzWorh7AuPZv9FZ/NSQ7kDWQsw6U/bIvJqwFqsLyyGxsWpv0iq773GFtV3q12/3J2nJ9yg/4Qc0iFm9UbY0falFrHKfG1yJQHTlSgoyHZLIp1ZaofRwvBwzLc62u+0u1qRbEKbJIR75QuhYYFZYD1jhOvR0UMssFym+lqukbFFWWZZJrr5cwEC4/1XVY88YvNeLkEpiLXSlq7RAjxLjopqtxHE0CqlgQiUob9YsJiHx/16GSy95JvgsYyvhDwvZcH4q6MC3q7/e7ibm+jwznl2/LN1qALEUtOnXT7XGc7MXkLFd1lBnT7FRZJA0+F2rAQTN0d2FqWg5F3amvO8pwi1kXFteXz2OHgnvSZnYqIm33VPHe5ATpp1rUHsepr1xEka691UejxXCueh3OU/swBp29DgcdeQPza2/TS/XYKhKtJwiNBovJYhBb9UeD3t1EyfRiOHylL/v4GW4ytKlE6XmKPb5QkUq07nqRH/cyfULCMl3XXKCVzzQda71VbKKJk/ehXB8nvayndQqEWlAvHzHnTO8UfFOqtaBrJso8cilDNVuuV+461KtM34iD5l7/xxLYC8/d345QNVV9Tb7ivSmsfkVZ0FKGSHNaW8H9uuX5LEbZ75l7tjOgRN+XL+RFxKoPKbClLr3fxXHem4J68eOZh05z4wuVAkS56TQJTWtuxXY4xxUDvfPq1PPlW0JNve6zRfoRxAZRtxJlDsJOVMpQ38PJAvc8N/KyPhpsxbYjqxHLif+bwEPn94CEMmKR6yhx3Zxs9su2gt5GeyJoPmVoEV6OIFpTY3cJWlrsuheGZhN0Jqsqz0CvyK25P7KHbQlSlWx1guxvwDK03PiHuw3UZPD0Vl1JVynjQlxraib1PEedLMHpL2kiNHBUmucDOjLDCzKEplpIeJXsbPDKq37dwbx7NLn2MPfplV6RtdiH1oQzfXOVvXr8Zp2onzYYPImnK+nqJdqhuNZo6P3L4dVwOZ9PryfPnqFA63kymL7kFlw1fJAyVY+uJheY+Xz5elrPn2+r3lgMpvOX+WB48g/oDAAAAAAAAAAA+J/H/pYTuz/RMG5swr5iOs4/afx2Q/+2t/Yccsxm8r97Jtc3yautnuDCeGbeaDxm1xZWUPfeHKxuHncdVxUuw7IT4Ww1De/zK0eOSjPBNMw9di9M6Y03mPiQk+MrCp/Y/36lqf28d8ZsF9956d3J7oMtTxr+Ee3n3kde2IDq6yGMdnJnfOvagI605Ebwp9D20u7wjXdhLU+phFucafnRftJHrRTc4r/bAeZwbwk1i0qliEjf3inn2dZCaqd/glLtw7eRvTDI31j+YsRtt7Df5BAx+7Jp/jf3RET/AWGEtQoHYyWA99+OJM1EiFWyFRrLBYdKSraOaeWZ/aSdSin4jf/eku3VUpO+hZUVENP4CGy+VG/3ZNFDrVTL2ynDblSx5aF6u6OH4ha2FLWxBVMF6of8GBEdhyvjwazGUWGcxc9tQpO/TBBagNeXA+Nyhew42idbKJXS3FOxpAGR7p0dfPRbJ14GpUqpwKyukhpsA2J+VMv4zuC3zZaDHEYt1QWupESetI2JmHcpcAibYiv7piqNbgWj6kNE7TvnLRaqDPQsn+Qvg2aCEN6IH35b1/dSJsk+/hvZoaGNd18mLvzF/aX83lbUO+5/n7VSJbgx+T4SS/zNdu9zHcK99tk27mvf1pg8e1gRwbYlLDnbMolub9ROyx9MGuqgpaC00tZ0kLO8+9vFRMdf9kVs8BUSSWd4D2HbIo4jtgd29ETSoKZku6VnRqNi8G3zva+wqBi5QiYDObHoxpYnYsHijpuyKQ8Rlt5xE5CDrNXID+ag0cPfv1smZ/nLeq4DjOGnU8d/QporiXmkNu0mYhtrk3C7vROYIYWf2Tj1RcVtFjLTHJHhjZyUvdddflLkjG9zt2xHLH/hp35RaaKtwhN10GjL/RAnQvss2zthlAerPnbyOqa30H9/ESnsMokk0HQsre4pNULKPdOMOyqWmQm6iQzfmHtkX9zjweJDxETj/MeacX7S9F0OqIPurC7ZrB3n0t+doxTAZ/FOaIHfX6hTYLIFEZ+F1V2G1FF5zVRm/JxRsRqyqOgkcuBDqezYF4kJkpOq8Zj4bpnBvarX7iJZlfx1oKIQFq3w6ah18EY/xU48/lIoPDlvJPcWlAkU9lhIoWza3DlnfKNOyQgxskMmBynpPu2Lj7yqSZnaL+06tKyl5ceQGYV/V24IK1DYIbE7tRCVdgur/UWWGDlQe6CaoZsfv5dpSNlW+QKXb5WaHaJueLgXWnDhk9fSBrZZKiABk8TEW7seJmFBYo+Wk++OpnAlZql9ljjdBXc3+xYoad+VuCSIvmuBBXKN2APZfJkvZK6RflZ3+Zn9cvkatc8xq+1yRI4vV0nHuwpxxri7UyAnZubsR8y+slJFLmzZZ1kVhZYDRMe5EqOw91Ui66vY2ILHatsAtYc/BWYC9/KhNN8H9zSij9lG312SRVUPkQObVT7WskpUxcTxngJhWjaaeGd4/BHf+nYIhG274CwxxrhRC/He25Er8H3x3urO2PwurS5pyR602UZzIYrsp1ZY2VuRqiZ/xCQ93/HMYJ/xTWqH8tsVp+LHb7tPprbtSVzEOlJ7/END9q4v8JF0RpziySyiqk88UNMzeyCGaj1zjC2JqmtFb0WbBHvPbzwVEMPKCZuvj59c4fFH3NoHTRhXdvL42mJOWkotAq2vC77eKuBO8WEXyt8h69ZJ07FN21qTLel9IrJrEjLv8/LcE26kY6uVjesVIn+5ynqrnLDkmWYo50X1vwkReyTeaJ7Lo4aDWrWcmzfQmUKZlMA08NkZaZyq3spqLPdZJULObOweVQTUkMp5mhzIPKbOGyMa9GtuYa02p+zq634ENhZT2Y/OaheDdHJbzETsjP4lbgxt9mSuRW4kiSa1ohCtRJiDXIYutvfELNouEiUTz/1wTNsqvAnZc03bMFezmAnzgv0F7uyB5n5o1xAMEQ3Ls/vIJpTDhzbTUBDmrL1aK0c0BnxG5VouB5OHs2j4XU4ttml0y/b3YVP4Y2lAaD+EZVtQaTyzncgmlsMnS4qvNL3/D74Of/y24tH+thPiRPa/bYJ8x/DL8bJg/M1ubD8+Oir9/UuRQ9qzS4Prr5nw97b9QIZLTt99M69/60LcPFp3Peaqzva3SzAAAAAAAAAAAAAAAAAAAAAAAAAAAAAAAAAAAAAAAAAAAAAAAAAAAAAAAAAAAAAAAACA/z/8C5A/emJwSC/LAAAAAElFTkSuQmCC', 'Process Technology ', 'https://www.youtube.com/watch?v=AEMKzc0yKhs', 'Santa Ana College, Coastline, Cypress, Fullerton ');
INSERT INTO public.trades OVERRIDING SYSTEM VALUE VALUES (5, 'https://i.pinimg.com/236x/ce/0b/ac/ce0bac99af6fcd14e0fb2d29524fdced--nursing-pins-pharmacy-technician.jpg', 'Pharmacy Technology ', 'https://www.youtube.com/watch?v=dMMZyXH64yA', 'Coastline, Orange Community College ');
INSERT INTO public.trades OVERRIDING SYSTEM VALUE VALUES (7, 'https://99designs-blog.imgix.net/blog/wp-content/uploads/2020/08/Electrician_Logos_jpg_DhYbEzou.jpg?auto=format&q=60&w=1280&h=750&fit=crop&crop=faces', 'Electrical Technology', 'https://www.youtube.com/watch?v=FAjM4C7dssM', 'Irvine Valley College, Fullerton , Saddleback');
INSERT INTO public.trades OVERRIDING SYSTEM VALUE VALUES (10, 'https://i.pinimg.com/550x/7e/93/1c/7e931c270a124a3ce0341a10d165deb1.jpg', 'Accounting ', 'https://www.youtube.com/watch?v=ABjCVTBnO_U', 'Santa Ana College, Cypress, Orange Coast College');
INSERT INTO public.trades OVERRIDING SYSTEM VALUE VALUES (1, 'https://i.fbcd.co/products/resized/resized-750-500/4254b1ec65baa6f29e7618c6644d1373aec7710d1dc4c5fa221f1e81ae27419d.jpg', 'Automotive', 'https://www.youtube.com/watch?v=SEKFBTpfols', 'Santa Ana College, Fullerton College, Orange Community College');
INSERT INTO public.trades OVERRIDING SYSTEM VALUE VALUES (4, 'https://images.squarespace-cdn.com/content/v1/5f15d0c7a609d31d8aedb37b/1595351644865-RZAYVSD191T8A2EYOBCD/FireTechInnovations_HeaderLogo.png', 'Fire Technology', 'https://www.youtube.com/watch?v=RRohQzPEbAc', 'Santa Ana College, Fullerton College, Saddleback College');
INSERT INTO public.trades OVERRIDING SYSTEM VALUE VALUES (8, 'https://encrypted-tbn0.gstatic.com/images?q=tbn:ANd9GcQ2GGcSJNregNA32iKLBfoJfH0bpyaT_Hvnqw&usqp=CAU', 'Real Estate', 'https://www.youtube.com/watch?v=vX8aQllVig0', 'Santiago Canyon College, Irvine Calley , Coastline');


--
-- Data for Name: trades_colleges; Type: TABLE DATA; Schema: public; Owner: -
--

INSERT INTO public.trades_colleges OVERRIDING SYSTEM VALUE VALUES (15, 1, 1);
INSERT INTO public.trades_colleges OVERRIDING SYSTEM VALUE VALUES (16, 1, 2);
INSERT INTO public.trades_colleges OVERRIDING SYSTEM VALUE VALUES (17, 1, 3);
INSERT INTO public.trades_colleges OVERRIDING SYSTEM VALUE VALUES (18, 1, 4);
INSERT INTO public.trades_colleges OVERRIDING SYSTEM VALUE VALUES (19, 2, 2);
INSERT INTO public.trades_colleges OVERRIDING SYSTEM VALUE VALUES (20, 2, 3);
INSERT INTO public.trades_colleges OVERRIDING SYSTEM VALUE VALUES (21, 2, 4);
INSERT INTO public.trades_colleges OVERRIDING SYSTEM VALUE VALUES (22, 2, 13);
INSERT INTO public.trades_colleges OVERRIDING SYSTEM VALUE VALUES (23, 3, 1);
INSERT INTO public.trades_colleges OVERRIDING SYSTEM VALUE VALUES (24, 3, 2);
INSERT INTO public.trades_colleges OVERRIDING SYSTEM VALUE VALUES (25, 3, 4);
INSERT INTO public.trades_colleges OVERRIDING SYSTEM VALUE VALUES (26, 3, 5);
INSERT INTO public.trades_colleges OVERRIDING SYSTEM VALUE VALUES (27, 4, 9);
INSERT INTO public.trades_colleges OVERRIDING SYSTEM VALUE VALUES (28, 8, 10);
INSERT INTO public.trades_colleges OVERRIDING SYSTEM VALUE VALUES (29, 8, 11);
INSERT INTO public.trades_colleges OVERRIDING SYSTEM VALUE VALUES (30, 9, 12);
INSERT INTO public.trades_colleges OVERRIDING SYSTEM VALUE VALUES (31, 9, 13);
INSERT INTO public.trades_colleges OVERRIDING SYSTEM VALUE VALUES (32, 6, 2);
INSERT INTO public.trades_colleges OVERRIDING SYSTEM VALUE VALUES (33, 6, 3);
INSERT INTO public.trades_colleges OVERRIDING SYSTEM VALUE VALUES (34, 6, 5);
INSERT INTO public.trades_colleges OVERRIDING SYSTEM VALUE VALUES (35, 6, 8);
INSERT INTO public.trades_colleges OVERRIDING SYSTEM VALUE VALUES (36, 6, 9);
INSERT INTO public.trades_colleges OVERRIDING SYSTEM VALUE VALUES (37, 7, 3);
INSERT INTO public.trades_colleges OVERRIDING SYSTEM VALUE VALUES (38, 7, 4);


--
-- Data for Name: users; Type: TABLE DATA; Schema: public; Owner: -
--

INSERT INTO public.users OVERRIDING SYSTEM VALUE VALUES (1, 'dummy', 'dummy1', NULL, NULL);
INSERT INTO public.users OVERRIDING SYSTEM VALUE VALUES (2, 'dummy2', 'dummy3', NULL, NULL);
INSERT INTO public.users OVERRIDING SYSTEM VALUE VALUES (3, 'Angel', 'Sanchez', 'angelsanchez.as524@gmail.com', 'google-oauth2|117411432436617383939');
INSERT INTO public.users OVERRIDING SYSTEM VALUE VALUES (4, NULL, NULL, 'test@gmail.com', 'auth0|6368415eae8ed505f36edd01');
INSERT INTO public.users OVERRIDING SYSTEM VALUE VALUES (5, NULL, NULL, 'random@random.com', 'auth0|637ba4c19b9c4feffbf6e487');


--
-- Data for Name: users_trades; Type: TABLE DATA; Schema: public; Owner: -
--

INSERT INTO public.users_trades OVERRIDING SYSTEM VALUE VALUES (63, 3, 8);
INSERT INTO public.users_trades OVERRIDING SYSTEM VALUE VALUES (85, 3, 9);
INSERT INTO public.users_trades OVERRIDING SYSTEM VALUE VALUES (86, 3, 2);
INSERT INTO public.users_trades OVERRIDING SYSTEM VALUE VALUES (38, 1, 4);


--
-- Name: colleges_id_seq; Type: SEQUENCE SET; Schema: public; Owner: -
--

SELECT pg_catalog.setval('public.colleges_id_seq', 9, true);


--
-- Name: trades_colleges_id_seq; Type: SEQUENCE SET; Schema: public; Owner: -
--

SELECT pg_catalog.setval('public.trades_colleges_id_seq', 38, true);


--
-- Name: trades_id_seq; Type: SEQUENCE SET; Schema: public; Owner: -
--

SELECT pg_catalog.setval('public.trades_id_seq', 14, true);


--
-- Name: users_college_id_seq; Type: SEQUENCE SET; Schema: public; Owner: -
--

SELECT pg_catalog.setval('public.users_college_id_seq', 89, true);


--
-- Name: users_id_seq; Type: SEQUENCE SET; Schema: public; Owner: -
--

SELECT pg_catalog.setval('public.users_id_seq', 5, true);


--
-- Name: colleges colleges_pkey; Type: CONSTRAINT; Schema: public; Owner: -
--

ALTER TABLE ONLY public.colleges
    ADD CONSTRAINT colleges_pkey PRIMARY KEY (id);


--
-- Name: trades_colleges trades_colleges_pkey; Type: CONSTRAINT; Schema: public; Owner: -
--

ALTER TABLE ONLY public.trades_colleges
    ADD CONSTRAINT trades_colleges_pkey PRIMARY KEY (id);


--
-- Name: trades trades_pkey; Type: CONSTRAINT; Schema: public; Owner: -
--

ALTER TABLE ONLY public.trades
    ADD CONSTRAINT trades_pkey PRIMARY KEY (id);


--
-- Name: users_trades users_college_pkey; Type: CONSTRAINT; Schema: public; Owner: -
--

ALTER TABLE ONLY public.users_trades
    ADD CONSTRAINT users_college_pkey PRIMARY KEY (id);


--
-- Name: users users_pkey; Type: CONSTRAINT; Schema: public; Owner: -
--

ALTER TABLE ONLY public.users
    ADD CONSTRAINT users_pkey PRIMARY KEY (id);


--
-- Name: trades_colleges trades_colleges_college_id_fkey; Type: FK CONSTRAINT; Schema: public; Owner: -
--

ALTER TABLE ONLY public.trades_colleges
    ADD CONSTRAINT trades_colleges_college_id_fkey FOREIGN KEY (college_id) REFERENCES public.colleges(id);


--
-- Name: trades_colleges trades_colleges_trades_id_fkey; Type: FK CONSTRAINT; Schema: public; Owner: -
--

ALTER TABLE ONLY public.trades_colleges
    ADD CONSTRAINT trades_colleges_trades_id_fkey FOREIGN KEY (trades_id) REFERENCES public.trades(id);


--
-- Name: users_trades users_trades_trade_id_fkey; Type: FK CONSTRAINT; Schema: public; Owner: -
--

ALTER TABLE ONLY public.users_trades
    ADD CONSTRAINT users_trades_trade_id_fkey FOREIGN KEY (trade_id) REFERENCES public.trades(id);


--
-- Name: users_trades users_trades_users_id_fkey; Type: FK CONSTRAINT; Schema: public; Owner: -
--

ALTER TABLE ONLY public.users_trades
    ADD CONSTRAINT users_trades_users_id_fkey FOREIGN KEY (users_id) REFERENCES public.users(id);


--
-- PostgreSQL database dump complete
--

